dataset,bandwidth,q,d2,d2_ceiling,mean_offdiag,std_offdiag,fid_near,fid_far,near_far_ratio,kernel_alive,n
breast,0.25,2,2.487611052827032,3,0.4950631859732055,0.3440115857016712,0.927808691243527,0.09944106838629392,9.330236554170089,True,32
breast,0.25,3,2.487611052827032,3,0.3197789858491997,0.3104659898473609,0.7651120234660198,0.04108406749584478,18.623083596661964,True,32
breast,0.25,4,2.487611052827032,3,0.1830887095596268,0.2453617556315547,0.391947130802061,0.019141705913011144,20.476081524982774,True,32
breast,0.25,5,2.487611052827032,3,0.12659730509740239,0.1965276425895241,0.3460428016766087,0.03002324672717472,11.525828795970876,True,32
breast,0.25,6,2.487611052827032,3,0.08272035279318068,0.1571241837319745,0.27791129405914905,0.005861479910374591,47.41316157499011,True,32
breast,0.25,7,2.487611052827032,3,0.04306684925878966,0.10367844222043862,0.11911748547364558,0.008030547501365564,14.833046620219866,False,32
breast,0.25,8,2.487611052827032,3,0.03072783751639248,0.0876584319828316,0.09107626886901185,0.0059779642519040225,15.235331800454215,False,32
breast,0.5,2,2.487611052827032,3,0.3618003350377624,0.2989379850416033,0.7640582825087094,0.14285886613901272,5.34834346063773,True,32
breast,0.5,3,2.487611052827032,3,0.20074594601823997,0.22334764552446038,0.49248504296351153,0.10697177238750633,4.603878499642686,True,32
breast,0.5,4,2.487611052827032,3,0.08986139273481662,0.14310455779719977,0.1837495564751998,0.036443530377356155,5.042035021650122,False,32
breast,0.5,5,2.487611052827032,3,0.045873052013093184,0.096930323855412,0.10798616274308774,0.019471164294337297,5.5459530365368455,False,32
breast,0.5,6,2.487611052827032,3,0.02501426440728658,0.07028515324977612,0.05891748944588647,0.005171277271693147,11.39321802920772,False,32
breast,0.5,7,2.487611052827032,3,0.011047510161840622,0.03724465826305656,0.012990791659275086,0.0029796896901351276,4.359780047661929,False,32
breast,0.5,8,2.487611052827032,3,0.0065474589303195375,0.03236889259889606,0.006958273196613048,0.0011922931249650794,5.83604237155762,False,32
breast,1.0,2,2.487611052827032,3,0.3025874273786449,0.2729183379412301,0.48781386022969625,0.33544824374061244,1.4542149775179671,False,32
breast,1.0,3,2.487611052827032,3,0.1389416726953531,0.17685458210342644,0.2686594544235869,0.12225241062117671,2.197580015465555,True,32
breast,1.0,4,2.487611052827032,3,0.07109624701637521,0.10759813245026084,0.10968598802959481,0.07130032575530304,1.5383658751578255,False,32
breast,1.0,5,2.487611052827032,3,0.034251810911008075,0.06299785005455018,0.03980755090968059,0.038838980080922396,1.0249381118335277,False,32
breast,1.0,6,2.487611052827032,3,0.018878066882138438,0.04562123667065568,0.015480256922934163,0.01569950753149981,0.986034555025007,False,32
breast,1.0,7,2.487611052827032,3,0.00833157069924706,0.020634489723043485,0.009291980361147813,0.008610441177832887,1.0791526437773609,False,32
breast,1.0,8,2.487611052827032,3,0.004616671080822378,0.015015060911682684,0.004104795260842148,0.006480618749220851,0.633395578367522,False,32
breast,2.0,2,2.487611052827032,3,0.2631009213718394,0.23132267540950716,0.33148774515664203,0.25121054399808657,1.3195614319404003,False,32
breast,2.0,3,2.487611052827032,3,0.13747351812303285,0.1491258275341843,0.20213952531648255,0.1521635588755939,1.3284358410790593,False,32
breast,2.0,4,2.487611052827032,3,0.07006738761392349,0.09663821984747592,0.10000710414748237,0.046711028914471875,2.1409741226337764,False,32
breast,2.0,5,2.487611052827032,3,0.03400317858068496,0.049313878821355614,0.023089790647831683,0.025742583477715623,0.8969492385183343,False,32
breast,2.0,6,2.487611052827032,3,0.016816112065214592,0.026867410087154816,0.015106673785912707,0.012373561551506103,1.2208832293782004,False,32
breast,2.0,7,2.487611052827032,3,0.007398116206142556,0.012191389170078898,0.01056354663798618,0.005248794762481278,2.0125661444213994,False,32
breast,2.0,8,2.487611052827032,3,0.0038457797294214426,0.007272658660023537,0.005034084467998809,0.0021249106706114386,2.369080516006003,False,32
moons,0.25,2,0.7203213491478936,2,0.4275498632136317,0.30984465194850835,0.958316491626587,0.3565316650616578,2.6878860576405126,True,32
moons,0.25,3,0.7203213491478936,2,0.2199922882367988,0.24922691807680414,0.6267628707661791,0.1203949952060482,5.205888082752238,True,32
moons,0.25,4,0.7203213491478936,2,0.1356137563622506,0.205747254823101,0.3815951676508514,0.0512599293168207,7.444317086204658,True,32
moons,0.25,5,0.7203213491478936,2,0.0679989257022363,0.13081249749236218,0.2276963490288658,0.03568748817216952,6.3802850996510365,False,32
moons,0.25,6,0.7203213491478936,2,0.031143621513231304,0.07424711243087634,0.11605798071131015,0.020376823728299902,5.69558741140434,False,32
moons,0.25,7,0.7203213491478936,2,0.014056171340084755,0.04180253246888163,0.044662044868609016,0.016243782302360905,2.7494855592910614,False,32
moons,0.25,8,0.7203213491478936,2,0.00770595945953897,0.0247552114051383,0.020874978407785162,0.012368643392906827,1.6877338722334374,False,32
moons,0.5,2,0.7203213491478936,2,0.2776660193359177,0.24581313583962372,0.8821137244685208,0.20295317701654905,4.346390322318493,True,32
moons,0.5,3,0.7203213491478936,2,0.14062618012718675,0.17186501596181833,0.4233513548628835,0.1172171355393998,3.6116848694070316,True,32
moons,0.5,4,0.7203213491478936,2,0.08110827124616934,0.12446571283862039,0.22166717313647916,0.07759962953639404,2.856549373505936,False,32
moons,0.5,5,0.7203213491478936,2,0.03708272936549437,0.06383536886417572,0.10157357447305881,0.02529561001812015,4.015462540745134,False,32
moons,0.5,6,0.7203213491478936,2,0.017107266083204998,0.029650017741728037,0.025307718734985152,0.008511299107305685,2.9734260793704497,False,32
moons,0.5,7,0.7203213491478936,2,0.008739185663936819,0.017132695440332513,0.009247847270661254,0.0054340256252875495,1.7018409386267646,False,32
moons,0.5,8,0.7203213491478936,2,0.0049597003527468535,0.011232047537840482,0.006786961165117273,0.0028182018856462467,2.40825939393655,False,32
moons,1.0,2,0.7203213491478936,2,0.24583587957959718,0.23098669467578134,0.7678498182355108,0.2056344418268768,3.7340525809482927,True,32
moons,1.0,3,0.7203213491478936,2,0.13185361091877898,0.15009353718715474,0.2973413406383548,0.13866062303276522,2.144381974744868,True,32
moons,1.0,4,0.7203213491478936,2,0.07542519434806565,0.10236560609760705,0.20387767353256336,0.0536974409367828,3.796785656370208,False,32
moons,1.0,5,0.7203213491478936,2,0.03477597709291696,0.054340038195654104,0.08077899693470278,0.019301452555954144,4.185125274925691,False,32
moons,1.0,6,0.7203213491478936,2,0.015951150411759384,0.03275792011088783,0.025503462154246415,0.009856129935724153,2.58757365421975,False,32
moons,1.0,7,0.7203213491478936,2,0.008744134500497451,0.01773498178881919,0.014264772251221063,0.004333052898676605,3.292083568972304,False,32
moons,1.0,8,0.7203213491478936,2,0.0040625556825890086,0.010000444716174029,0.006609679294876802,0.002558828338904158,2.583088202668358,False,32
moons,2.0,2,0.7203213491478936,2,0.2412517028078243,0.21895911563053108,0.5632623289516476,0.2692070668654006,2.092301422507865,True,32
moons,2.0,3,0.7203213491478936,2,0.12580584011868767,0.13567312631239511,0.17791259231694861,0.16207977120322198,1.0976853619436249,False,32
moons,2.0,4,0.7203213491478936,2,0.060237487806587414,0.06906929391939048,0.10294119384115057,0.08567250374664519,1.2015663058660357,False,32
moons,2.0,5,0.7203213491478936,2,0.031144179577510023,0.04546466813109241,0.05916632906066881,0.03679168686924784,1.608143961187132,False,32
moons,2.0,6,0.7203213491478936,2,0.01671329954669731,0.028089327351319207,0.018191894707056646,0.007857062943669535,2.315355602657342,False,32
moons,2.0,7,0.7203213491478936,2,0.008598848270099654,0.01767786454433441,0.012872505752363709,0.008732166351637108,1.474148021693422,False,32
moons,2.0,8,0.7203213491478936,2,0.004090688959154724,0.0075770256865167725,0.0060480988839349045,0.004389552509211245,1.3778395112584454,False,32
pendigits,0.25,2,5.351224674332798,6,0.3933230133220333,0.3072926841209302,0.9841506859760905,0.3035580092988723,3.242051455829423,True,32
pendigits,0.25,3,5.351224674332798,6,0.20452522484694954,0.2505923166865598,0.9195657840110517,0.15559057024171316,5.910163980905059,True,32
pendigits,0.25,4,5.351224674332798,6,0.1237848404068518,0.22509369125573583,0.8801654356304411,0.05925520911746397,14.853806926672961,True,32
pendigits,0.25,5,5.351224674332798,6,0.09914104715525808,0.2037385121856665,0.8350151467706366,0.04327236377789717,19.29673061209448,True,32
pendigits,0.25,6,5.351224674332798,6,0.06527559098638666,0.16044656919008063,0.7044992016065776,0.030493902740258032,23.1029529938291,True,32
pendigits,0.25,7,5.351224674332798,6,0.04581262488118219,0.13656059055609293,0.6144437944568385,0.019822754299685157,30.996893023417925,True,32
pendigits,0.25,8,5.351224674332798,6,0.03365763830357937,0.11958097960460587,0.5363168089667641,0.014197772237419656,37.77471563836242,True,32
pendigits,0.5,2,5.351224674332798,6,0.2751157149417976,0.25024952252593996,0.9494859070651775,0.1186672042016034,8.001249489725051,True,32
pendigits,0.5,3,5.351224674332798,6,0.16124218407893393,0.18246940928168948,0.7739260000264397,0.19007122931140735,4.071768267245019,True,32
pendigits,0.5,4,5.351224674332798,6,0.0888115171510204,0.16108783580667282,0.6899015925885699,0.08889598690945776,7.760773197683802,True,32
pendigits,0.5,5,5.351224674332798,6,0.0588656889186115,0.14003678079371884,0.6111100695324402,0.05918543254195957,10.325346006370623,True,32
pendigits,0.5,6,5.351224674332798,6,0.03126276768367944,0.0980615777811046,0.42128073772933455,0.0241590655813367,17.43779105657055,True,32
pendigits,0.5,7,5.351224674332798,6,0.01971777615986031,0.08202325253746462,0.3115659374423786,0.012824472338556474,24.2946399054301,False,32
pendigits,0.5,8,5.351224674332798,6,0.01406790109816654,0.0702747031462422,0.24492653287368743,0.0060719084698026855,40.337652336456685,False,32
pendigits,1.0,2,5.351224674332798,6,0.285075744873232,0.2479984446803635,0.8678666148301207,0.2264777887879134,3.832016461635627,True,32
pendigits,1.0,3,5.351224674332798,6,0.15681344689696508,0.19149697091118625,0.5753235729114144,0.19037251948646622,3.022093600816765,True,32
pendigits,1.0,4,5.351224674332798,6,0.07815109700602861,0.1283327108051687,0.4914955701476177,0.07272060550124976,6.758683687516476,True,32
pendigits,1.0,5,5.351224674332798,6,0.04554222160656306,0.10039565789194237,0.4068318861439856,0.01980148023680023,20.545528984641532,True,32
pendigits,1.0,6,5.351224674332798,6,0.02315485202069737,0.06968038546736743,0.24909606274127785,0.013580522699254052,18.342155766578863,False,32
pendigits,1.0,7,5.351224674332798,6,0.01420245331920874,0.06012700036642077,0.18540369036858503,0.00736788938513033,25.16374509405117,False,32
pendigits,1.0,8,5.351224674332798,6,0.009348574305619686,0.047571398105148544,0.14241048324095912,0.0038698767511477876,36.79974645154289,False,32
pendigits,2.0,2,5.351224674332798,6,0.2453153050910389,0.21247195187324955,0.5584289898854206,0.29520007790381564,1.8916966209858934,False,32
pendigits,2.0,3,5.351224674332798,6,0.12815866914928614,0.13611016709295579,0.18465891438453558,0.13419036611752466,1.3760966582564524,False,32
pendigits,2.0,4,5.351224674332798,6,0.05986267189534176,0.07256135384043767,0.09727064883742219,0.05819457245905342,1.6714728664062837,False,32
pendigits,2.0,5,5.351224674332798,6,0.03573293101620658,0.05261397233163293,0.056104244897740095,0.029033672181333164,1.9323854229439024,False,32
pendigits,2.0,6,5.351224674332798,6,0.01664619889235406,0.02846131055945529,0.024980993154346463,0.015182577404768144,1.6453723559809477,False,32
pendigits,2.0,7,5.351224674332798,6,0.008958543204157208,0.017795225172136112,0.020995726727652632,0.006756928194038693,3.1072887153331203,False,32
pendigits,2.0,8,5.351224674332798,6,0.005729235930677109,0.014262686513693057,0.016401570885010097,0.00621575248503383,2.6387104255681813,False,32
