dataset,encoding,reps,q,n_features,d2,d2_ceiling,pca95,mean_offdiag,std_offdiag,fid_near,fid_far,near_far_ratio,kernel_alive,note,n
breast_cancer,zz,1,2,2,2.487611052827032,3,10,0.3025874273786449,0.2729183379412301,0.48781386022969625,0.33544824374061244,1.4542149775179671,False,"ZZ, one layer",32
breast_cancer,zz,1,3,3,2.487611052827032,3,10,0.1389416726953531,0.17685458210342644,0.2686594544235869,0.12225241062117671,2.197580015465555,True,"ZZ, one layer",32
breast_cancer,zz,1,4,4,2.487611052827032,3,10,0.07109624701637521,0.10759813245026084,0.10968598802959481,0.07130032575530304,1.5383658751578255,False,"ZZ, one layer",32
breast_cancer,zz,1,5,5,2.487611052827032,3,10,0.034251810911008075,0.06299785005455018,0.03980755090968059,0.038838980080922396,1.0249381118335277,False,"ZZ, one layer",32
breast_cancer,zz,1,6,6,2.487611052827032,3,10,0.018878066882138438,0.04562123667065568,0.015480256922934163,0.01569950753149981,0.986034555025007,False,"ZZ, one layer",32
breast_cancer,zz,1,7,7,2.487611052827032,3,10,0.00833157069924706,0.020634489723043485,0.009291980361147813,0.008610441177832887,1.0791526437773609,False,"ZZ, one layer",32
breast_cancer,zz,1,8,8,2.487611052827032,3,10,0.004616671080822378,0.015015060911682684,0.004104795260842148,0.006480618749220851,0.633395578367522,False,"ZZ, one layer",32
breast_cancer,zz,2,2,2,2.487611052827032,3,10,0.3314729642793247,0.26283961346934903,0.42991994492000873,0.34674958199294154,1.239857139694433,False,"ZZ, two layers",32
breast_cancer,zz,2,3,3,2.487611052827032,3,10,0.16586972013911908,0.17524127529743594,0.25079122242306906,0.21856343045256726,1.1474528099406633,False,"ZZ, two layers",32
breast_cancer,zz,2,4,4,2.487611052827032,3,10,0.07861703189322854,0.1031321455310849,0.13229057384190776,0.0996164894608858,1.3279987535984328,False,"ZZ, two layers",32
breast_cancer,zz,2,5,5,2.487611052827032,3,10,0.04189890464006773,0.06226945904207249,0.03998458762355034,0.04804637173864063,0.8322082641547995,False,"ZZ, two layers",32
breast_cancer,zz,2,6,6,2.487611052827032,3,10,0.021930601788414113,0.04252399163237104,0.032041180299600514,0.0319101266349388,1.0041069615975207,False,"ZZ, two layers",32
breast_cancer,zz,2,7,7,2.487611052827032,3,10,0.012202616501926942,0.021631979612999123,0.010720945873671745,0.0174847792227927,0.6131587786762672,False,"ZZ, two layers",32
breast_cancer,zz,2,8,8,2.487611052827032,3,10,0.005172984668850223,0.009649830243979748,0.004526766142347976,0.007279979643628649,0.6218102747457196,False,"ZZ, two layers",32
breast_cancer,z,1,2,2,2.487611052827032,3,10,0.3767555219967362,0.3482962802161472,0.894108630066599,0.4327152494194535,2.0662748337761787,True,Z (product states),32
breast_cancer,z,1,3,3,2.487611052827032,3,10,0.23178862347377435,0.28991849517683654,0.667096853573901,0.06542990114732551,10.19559623163467,True,Z (product states),32
breast_cancer,z,1,4,4,2.487611052827032,3,10,0.13145890014398093,0.2118972102561553,0.3905839033849798,0.02279231390746882,17.1366498798961,True,Z (product states),32
breast_cancer,z,1,5,5,2.487611052827032,3,10,0.08144468398291102,0.1693732394019876,0.29034144919201965,0.0044697789574315245,64.95655645550289,True,Z (product states),32
breast_cancer,z,1,6,6,2.487611052827032,3,10,0.060884506389631506,0.14180408690265722,0.26642782267732923,0.003493616008919132,76.26133553233792,True,Z (product states),32
breast_cancer,z,1,7,7,2.487611052827032,3,10,0.031380977329654905,0.09480751589324066,0.13985346893571304,0.0011765105577785056,118.87141004478974,False,Z (product states),32
breast_cancer,z,1,8,8,2.487611052827032,3,10,0.024604187107054098,0.08239301741311887,0.10488109573967039,5.5697825545695524e-05,1883.0375281638958,False,Z (product states),32
breast_cancer,iqp,1,2,2,2.487611052827032,3,10,0.5554902481186368,0.30109879364628767,0.9611610553337455,0.06720520667125748,14.301883781644818,True,"IQP, linear CP",32
breast_cancer,iqp,1,3,3,2.487611052827032,3,10,0.3354272696746733,0.2748603076747302,0.6561652539313646,0.024898917319154647,26.35316409627896,True,"IQP, linear CP",32
breast_cancer,iqp,1,4,4,2.487611052827032,3,10,0.20673284462131056,0.20668866634066327,0.4192882642555145,0.020248680103784087,20.70694297635517,True,"IQP, linear CP",32
breast_cancer,iqp,1,5,5,2.487611052827032,3,10,0.13267605699162416,0.1563299993737453,0.29549854763747047,0.006216243012864526,47.53651796204487,True,"IQP, linear CP",32
breast_cancer,iqp,1,6,6,2.487611052827032,3,10,0.08334903113866036,0.11608153304836012,0.22150531471377527,0.004903527275695563,45.172648638393646,False,"IQP, linear CP",32
breast_cancer,iqp,1,7,7,2.487611052827032,3,10,0.04260355153292787,0.06911767752220223,0.10583803605122628,0.003111863534789441,34.011143119869374,False,"IQP, linear CP",32
breast_cancer,iqp,1,8,8,2.487611052827032,3,10,0.030479896147043717,0.05687113890453233,0.08322048360211463,0.0013710190776346164,60.69972691094333,False,"IQP, linear CP",32
moons,zz,1,2,2,0.7203213491478936,2,19,0.24583587957959718,0.23098669467578134,0.7678498182355108,0.2056344418268768,3.7340525809482927,True,"ZZ, one layer",32
moons,zz,1,3,3,0.7203213491478936,2,19,0.13185361091877898,0.15009353718715474,0.2973413406383548,0.13866062303276522,2.144381974744868,True,"ZZ, one layer",32
moons,zz,1,4,4,0.7203213491478936,2,19,0.07542519434806565,0.10236560609760705,0.20387767353256336,0.0536974409367828,3.796785656370208,False,"ZZ, one layer",32
moons,zz,1,5,5,0.7203213491478936,2,19,0.03477597709291696,0.054340038195654104,0.08077899693470278,0.019301452555954144,4.185125274925691,False,"ZZ, one layer",32
moons,zz,1,6,6,0.7203213491478936,2,19,0.015951150411759384,0.03275792011088783,0.025503462154246415,0.009856129935724153,2.58757365421975,False,"ZZ, one layer",32
moons,zz,1,7,7,0.7203213491478936,2,19,0.008744134500497451,0.01773498178881919,0.014264772251221063,0.004333052898676605,3.292083568972304,False,"ZZ, one layer",32
moons,zz,1,8,8,0.7203213491478936,2,19,0.0040625556825890086,0.010000444716174029,0.006609679294876802,0.002558828338904158,2.583088202668358,False,"ZZ, one layer",32
moons,zz,2,2,2,0.7203213491478936,2,19,0.26378858601643645,0.23380355167735523,0.6397459944404631,0.35929826457954156,1.7805429569472244,False,"ZZ, two layers",32
moons,zz,2,3,3,0.7203213491478936,2,19,0.16160855128245738,0.15387372416331227,0.3321133146381326,0.19774928556754628,1.6794665714465546,False,"ZZ, two layers",32
moons,zz,2,4,4,0.7203213491478936,2,19,0.08017574040835625,0.09797057287128175,0.182123389444436,0.06793664624242614,2.6807827515439047,False,"ZZ, two layers",32
moons,zz,2,5,5,0.7203213491478936,2,19,0.03975336104931283,0.05123387486251576,0.07039041359346636,0.0486236192708094,1.4476588672148556,False,"ZZ, two layers",32
moons,zz,2,6,6,0.7203213491478936,2,19,0.020988547530712706,0.03095487716121889,0.03304366611200253,0.01997161482535642,1.654531513898893,False,"ZZ, two layers",32
moons,zz,2,7,7,0.7203213491478936,2,19,0.010244211543032644,0.017209002514828094,0.01860160348486257,0.010100499797129497,1.841651785404623,False,"ZZ, two layers",32
moons,zz,2,8,8,0.7203213491478936,2,19,0.004978146221307045,0.008042335725058454,0.0070806091509482885,0.005562565466563802,1.2729035179018284,False,"ZZ, two layers",32
moons,z,1,2,2,0.7203213491478936,2,19,0.2406124557627393,0.27514328136710586,0.9141842890688624,0.33593647141549127,2.7213010996301903,True,Z (product states),32
moons,z,1,3,3,0.7203213491478936,2,19,0.1325697623031356,0.1988080664273952,0.5489234565746275,0.17198879564301,3.191623352686329,True,Z (product states),32
moons,z,1,4,4,0.7203213491478936,2,19,0.08693635270893324,0.14945190288824836,0.3932868971690303,0.12745305306658922,3.0857393189596904,True,Z (product states),32
moons,z,1,5,5,0.7203213491478936,2,19,0.04708977272936624,0.10968139803802004,0.24918628670652138,0.06371772739971782,3.910784280539562,False,Z (product states),32
moons,z,1,6,6,0.7203213491478936,2,19,0.023762554584638825,0.07419973009456952,0.1289076559500863,0.03487854208730925,3.6959014980442677,False,Z (product states),32
moons,z,1,7,7,0.7203213491478936,2,19,0.012599087781075794,0.05005418398727978,0.060495669251439524,0.02008117888443297,3.0125556671543854,False,Z (product states),32
moons,z,1,8,8,0.7203213491478936,2,19,0.006089158127440336,0.02598508859654883,0.015750249139141786,0.00909505642331203,1.731737375347279,False,Z (product states),32
moons,iqp,1,2,2,0.7203213491478936,2,19,0.3530594557737984,0.25749207265896135,0.8897271588937172,0.10748129045799097,8.277972427596287,True,"IQP, linear CP",32
moons,iqp,1,3,3,0.7203213491478936,2,19,0.21330595215419454,0.18745389848324176,0.5104150269502845,0.042693163800481576,11.955427555934074,True,"IQP, linear CP",32
moons,iqp,1,4,4,0.7203213491478936,2,19,0.1361928096276648,0.13508860650228668,0.3269765926580819,0.02197110979236052,14.882115457443733,True,"IQP, linear CP",32
moons,iqp,1,5,5,0.7203213491478936,2,19,0.07153341492436531,0.08693041919331587,0.20963827052872022,0.009014425925109358,23.25586479609094,False,"IQP, linear CP",32
moons,iqp,1,6,6,0.7203213491478936,2,19,0.03818162607006899,0.04995704754019017,0.09817082963468189,0.005604900287100246,17.515178612654964,False,"IQP, linear CP",32
moons,iqp,1,7,7,0.7203213491478936,2,19,0.022824065780409585,0.03172950113699226,0.0544902893735116,0.0038904025116361825,14.00633718761267,False,"IQP, linear CP",32
moons,iqp,1,8,8,0.7203213491478936,2,19,0.012977098725813102,0.019123306980843014,0.02831599396213007,0.0018508703780647155,15.298745010840518,False,"IQP, linear CP",32
iris,zz,1,2,2,1.915375598905324,2,2,0.27170832660417304,0.24535042834095924,0.8321564456105369,0.2490217342402797,3.3417020733121783,True,"ZZ, one layer",32
iris,zz,1,3,3,1.915375598905324,2,2,0.1450993248706144,0.15023309002065818,0.3846531127723667,0.1757480590988021,2.1886620810766524,True,"ZZ, one layer",32
iris,zz,1,4,4,1.915375598905324,2,2,0.06477892785765801,0.0948454896707173,0.16734941162311168,0.052339544705757544,3.1973799650707053,False,"ZZ, one layer",32
iris,zz,2,2,2,1.915375598905324,2,2,0.29465003789790667,0.22723639730755454,0.7807124341752103,0.22701591707412733,3.4390206829430596,True,"ZZ, two layers",32
iris,zz,2,3,3,1.915375598905324,2,2,0.1708052807631588,0.14892276437323163,0.28105376471996546,0.2045824789115803,1.3737919601679855,False,"ZZ, two layers",32
iris,zz,2,4,4,1.915375598905324,2,2,0.0835297936261225,0.09492262677804103,0.13542542521284537,0.07440848327071173,1.820026685937715,False,"ZZ, two layers",32
iris,z,1,2,2,1.915375598905324,2,2,0.32170317932193526,0.31519723738730576,0.9678250952541383,0.4167079512574884,2.322550103336302,True,Z (product states),32
iris,z,1,3,3,1.915375598905324,2,2,0.18067893344623256,0.23810733977960688,0.8082475029751288,0.2081242672829576,3.88348515781808,True,Z (product states),32
iris,z,1,4,4,1.915375598905324,2,2,0.11646131226013451,0.18896000095157706,0.6622585113500263,0.14989402232585267,4.418178264042786,True,Z (product states),32
iris,iqp,1,2,2,1.915375598905324,2,2,0.41176041025927895,0.2780011829207505,0.9733670279484027,0.29812438766260185,3.264969483308415,True,"IQP, linear CP",32
iris,iqp,1,3,3,1.915375598905324,2,2,0.2529017943711763,0.22334504997149407,0.8072064389993553,0.19304522239839253,4.181437017558,True,"IQP, linear CP",32
iris,iqp,1,4,4,1.915375598905324,2,2,0.1584906593477759,0.15654019611730555,0.5205627497727098,0.13127049527869947,3.9655731371128495,True,"IQP, linear CP",32
pendigits,zz,1,2,2,5.351224674332798,6,10,0.285075744873232,0.2479984446803635,0.8678666148301207,0.2264777887879134,3.832016461635627,True,"ZZ, one layer",32
pendigits,zz,1,3,3,5.351224674332798,6,10,0.15681344689696508,0.19149697091118625,0.5753235729114144,0.19037251948646622,3.022093600816765,True,"ZZ, one layer",32
pendigits,zz,1,4,4,5.351224674332798,6,10,0.07815109700602861,0.1283327108051687,0.4914955701476177,0.07272060550124976,6.758683687516476,True,"ZZ, one layer",32
pendigits,zz,1,5,5,5.351224674332798,6,10,0.04554222160656306,0.10039565789194237,0.4068318861439856,0.01980148023680023,20.545528984641532,True,"ZZ, one layer",32
pendigits,zz,1,6,6,5.351224674332798,6,10,0.02315485202069737,0.06968038546736743,0.24909606274127785,0.013580522699254052,18.342155766578863,False,"ZZ, one layer",32
pendigits,zz,1,7,7,5.351224674332798,6,10,0.01420245331920874,0.06012700036642077,0.18540369036858503,0.00736788938513033,25.16374509405117,False,"ZZ, one layer",32
pendigits,zz,1,8,8,5.351224674332798,6,10,0.009348574305619686,0.047571398105148544,0.14241048324095912,0.0038698767511477876,36.79974645154289,False,"ZZ, one layer",32
pendigits,zz,2,2,2,5.351224674332798,6,10,0.3414258256724277,0.24828176579888228,0.8152618121459658,0.258895134597689,3.1490039911829353,True,"ZZ, two layers",32
pendigits,zz,2,3,3,5.351224674332798,6,10,0.18644890435908992,0.19736094656679892,0.538286839781805,0.26383387938494024,2.040249118258353,True,"ZZ, two layers",32
pendigits,zz,2,4,4,5.351224674332798,6,10,0.08762337947596564,0.11755460241029293,0.3927960477645483,0.0861777425197747,4.557975601117837,True,"ZZ, two layers",32
pendigits,zz,2,5,5,5.351224674332798,6,10,0.05260686535720461,0.08832645957725209,0.2913170486180093,0.04270819224548596,6.821104647640524,True,"ZZ, two layers",32
pendigits,zz,2,6,6,5.351224674332798,6,10,0.025274913782337267,0.05435209684924394,0.18770075223882762,0.011191463349455102,16.771779201507776,False,"ZZ, two layers",32
pendigits,zz,2,7,7,5.351224674332798,6,10,0.013841602828300912,0.04054198239986041,0.11939195657145515,0.00384210087560882,31.074654319828674,False,"ZZ, two layers",32
pendigits,zz,2,8,8,5.351224674332798,6,10,0.007960866356288645,0.02489952674062519,0.07019640738644428,0.0037749324335463463,18.595407632368808,False,"ZZ, two layers",32
pendigits,z,1,2,2,5.351224674332798,6,10,0.27312503162832974,0.31908753930609024,0.9734552048524362,0.5770386794304952,1.6869843210739042,False,Z (product states),32
pendigits,z,1,3,3,5.351224674332798,6,10,0.1518174732897444,0.24057690868106096,0.8964850358032379,0.1649312651110825,5.435506937992916,True,Z (product states),32
pendigits,z,1,4,4,5.351224674332798,6,10,0.11196370828914384,0.22041868104925832,0.8638017387283796,0.12746482884530846,6.776784988874781,True,Z (product states),32
pendigits,z,1,5,5,5.351224674332798,6,10,0.07683113684703162,0.18026005754258698,0.796083026138168,0.03881539673311853,20.509465138583128,True,Z (product states),32
pendigits,z,1,6,6,5.351224674332798,6,10,0.04548680155383613,0.1383681950820866,0.6263781392909036,0.02528529958875298,24.772423086872163,True,Z (product states),32
pendigits,z,1,7,7,5.351224674332798,6,10,0.03341506588067672,0.12017615427652427,0.5529224183209343,0.006848547019952933,80.73572638254797,True,Z (product states),32
pendigits,z,1,8,8,5.351224674332798,6,10,0.027109121333939407,0.1090904650911404,0.4939574938623149,0.006428208050795907,76.84217591575239,False,Z (product states),32
pendigits,iqp,1,2,2,5.351224674332798,6,10,0.34333924685629474,0.28895025447341544,0.9684053845865229,0.017611441108443062,54.987288014849725,True,"IQP, linear CP",32
pendigits,iqp,1,3,3,5.351224674332798,6,10,0.22133522733266833,0.22423660885786176,0.8348256047095161,0.014015795198325404,59.56319944010457,True,"IQP, linear CP",32
pendigits,iqp,1,4,4,5.351224674332798,6,10,0.14316207986454585,0.19105086830476609,0.7584476727456537,0.013932721546713378,54.436433700533236,True,"IQP, linear CP",32
pendigits,iqp,1,5,5,5.351224674332798,6,10,0.09539708671875144,0.1577571796926132,0.6597041245302244,0.006199137445718056,106.4186961987596,True,"IQP, linear CP",32
pendigits,iqp,1,6,6,5.351224674332798,6,10,0.05345227950895913,0.10784256779156577,0.44377715715322363,0.004353377399089583,101.93859077001463,True,"IQP, linear CP",32
pendigits,iqp,1,7,7,5.351224674332798,6,10,0.03555195522362244,0.08541927364131632,0.3467696421235564,0.0025041062462988683,138.48040299252102,True,"IQP, linear CP",32
pendigits,iqp,1,8,8,5.351224674332798,6,10,0.022634293223247132,0.06902580567035715,0.2628387993105226,0.0017476156998512652,150.39851114457952,False,"IQP, linear CP",32
