dataset,near_floor,ratio_floor,mean_floor,knee,base_knee,delta
breast,0.125,1.0,0.015,3,3,0
breast,0.125,1.0,0.03,3,3,0
breast,0.125,1.0,0.045,3,3,0
breast,0.125,2.0,0.015,3,3,0
breast,0.125,2.0,0.03,3,3,0
breast,0.125,2.0,0.045,3,3,0
breast,0.125,3.0,0.015,,3,
breast,0.125,3.0,0.03,,3,
breast,0.125,3.0,0.045,,3,
breast,0.25,1.0,0.015,3,3,0
breast,0.25,1.0,0.03,3,3,0
breast,0.25,1.0,0.045,3,3,0
breast,0.25,2.0,0.015,3,3,0
breast,0.25,2.0,0.03,3,3,0
breast,0.25,2.0,0.045,3,3,0
breast,0.25,3.0,0.015,,3,
breast,0.25,3.0,0.03,,3,
breast,0.25,3.0,0.045,,3,
breast,0.375,1.0,0.015,2,3,-1
breast,0.375,1.0,0.03,2,3,-1
breast,0.375,1.0,0.045,2,3,-1
breast,0.375,2.0,0.015,,3,
breast,0.375,2.0,0.03,,3,
breast,0.375,2.0,0.045,,3,
breast,0.375,3.0,0.015,,3,
breast,0.375,3.0,0.03,,3,
breast,0.375,3.0,0.045,,3,
diabetes,0.125,1.0,0.015,3,3,0
diabetes,0.125,1.0,0.03,3,3,0
diabetes,0.125,1.0,0.045,3,3,0
diabetes,0.125,2.0,0.015,3,3,0
diabetes,0.125,2.0,0.03,3,3,0
diabetes,0.125,2.0,0.045,3,3,0
diabetes,0.125,3.0,0.015,3,3,0
diabetes,0.125,3.0,0.03,3,3,0
diabetes,0.125,3.0,0.045,3,3,0
diabetes,0.25,1.0,0.015,3,3,0
diabetes,0.25,1.0,0.03,3,3,0
diabetes,0.25,1.0,0.045,3,3,0
diabetes,0.25,2.0,0.015,3,3,0
diabetes,0.25,2.0,0.03,3,3,0
diabetes,0.25,2.0,0.045,3,3,0
diabetes,0.25,3.0,0.015,3,3,0
diabetes,0.25,3.0,0.03,3,3,0
diabetes,0.25,3.0,0.045,3,3,0
diabetes,0.375,1.0,0.015,2,3,-1
diabetes,0.375,1.0,0.03,2,3,-1
diabetes,0.375,1.0,0.045,2,3,-1
diabetes,0.375,2.0,0.015,2,3,-1
diabetes,0.375,2.0,0.03,2,3,-1
diabetes,0.375,2.0,0.045,2,3,-1
diabetes,0.375,3.0,0.015,2,3,-1
diabetes,0.375,3.0,0.03,2,3,-1
diabetes,0.375,3.0,0.045,2,3,-1
digits,0.125,1.0,0.015,5,4,1
digits,0.125,1.0,0.03,5,4,1
digits,0.125,1.0,0.045,4,4,0
digits,0.125,2.0,0.015,5,4,1
digits,0.125,2.0,0.03,5,4,1
digits,0.125,2.0,0.045,4,4,0
digits,0.125,3.0,0.015,4,4,0
digits,0.125,3.0,0.03,4,4,0
digits,0.125,3.0,0.045,4,4,0
digits,0.25,1.0,0.015,4,4,0
digits,0.25,1.0,0.03,4,4,0
digits,0.25,1.0,0.045,4,4,0
digits,0.25,2.0,0.015,4,4,0
digits,0.25,2.0,0.03,4,4,0
digits,0.25,2.0,0.045,4,4,0
digits,0.25,3.0,0.015,4,4,0
digits,0.25,3.0,0.03,4,4,0
digits,0.25,3.0,0.045,4,4,0
digits,0.375,1.0,0.015,3,4,-1
digits,0.375,1.0,0.03,3,4,-1
digits,0.375,1.0,0.045,3,4,-1
digits,0.375,2.0,0.015,3,4,-1
digits,0.375,2.0,0.03,3,4,-1
digits,0.375,2.0,0.045,3,4,-1
digits,0.375,3.0,0.015,3,4,-1
digits,0.375,3.0,0.03,3,4,-1
digits,0.375,3.0,0.045,3,4,-1
intrinsic2,0.125,1.0,0.015,4,3,1
intrinsic2,0.125,1.0,0.03,4,3,1
intrinsic2,0.125,1.0,0.045,4,3,1
intrinsic2,0.125,2.0,0.015,3,3,0
intrinsic2,0.125,2.0,0.03,3,3,0
intrinsic2,0.125,2.0,0.045,3,3,0
intrinsic2,0.125,3.0,0.015,3,3,0
intrinsic2,0.125,3.0,0.03,3,3,0
intrinsic2,0.125,3.0,0.045,3,3,0
intrinsic2,0.25,1.0,0.015,3,3,0
intrinsic2,0.25,1.0,0.03,3,3,0
intrinsic2,0.25,1.0,0.045,3,3,0
intrinsic2,0.25,2.0,0.015,3,3,0
intrinsic2,0.25,2.0,0.03,3,3,0
intrinsic2,0.25,2.0,0.045,3,3,0
intrinsic2,0.25,3.0,0.015,3,3,0
intrinsic2,0.25,3.0,0.03,3,3,0
intrinsic2,0.25,3.0,0.045,3,3,0
intrinsic2,0.375,1.0,0.015,3,3,0
intrinsic2,0.375,1.0,0.03,3,3,0
intrinsic2,0.375,1.0,0.045,3,3,0
intrinsic2,0.375,2.0,0.015,3,3,0
intrinsic2,0.375,2.0,0.03,3,3,0
intrinsic2,0.375,2.0,0.045,3,3,0
intrinsic2,0.375,3.0,0.015,3,3,0
intrinsic2,0.375,3.0,0.03,3,3,0
intrinsic2,0.375,3.0,0.045,3,3,0
iris,0.125,1.0,0.015,4,3,1
iris,0.125,1.0,0.03,4,3,1
iris,0.125,1.0,0.045,4,3,1
iris,0.125,2.0,0.015,4,3,1
iris,0.125,2.0,0.03,4,3,1
iris,0.125,2.0,0.045,4,3,1
iris,0.125,3.0,0.015,4,3,1
iris,0.125,3.0,0.03,4,3,1
iris,0.125,3.0,0.045,4,3,1
iris,0.25,1.0,0.015,3,3,0
iris,0.25,1.0,0.03,3,3,0
iris,0.25,1.0,0.045,3,3,0
iris,0.25,2.0,0.015,3,3,0
iris,0.25,2.0,0.03,3,3,0
iris,0.25,2.0,0.045,3,3,0
iris,0.25,3.0,0.015,2,3,-1
iris,0.25,3.0,0.03,2,3,-1
iris,0.25,3.0,0.045,2,3,-1
iris,0.375,1.0,0.015,3,3,0
iris,0.375,1.0,0.03,3,3,0
iris,0.375,1.0,0.045,3,3,0
iris,0.375,2.0,0.015,3,3,0
iris,0.375,2.0,0.03,3,3,0
iris,0.375,2.0,0.045,3,3,0
iris,0.375,3.0,0.015,2,3,-1
iris,0.375,3.0,0.03,2,3,-1
iris,0.375,3.0,0.045,2,3,-1
moons,0.125,1.0,0.015,4,3,1
moons,0.125,1.0,0.03,4,3,1
moons,0.125,1.0,0.045,4,3,1
moons,0.125,2.0,0.015,4,3,1
moons,0.125,2.0,0.03,4,3,1
moons,0.125,2.0,0.045,4,3,1
moons,0.125,3.0,0.015,4,3,1
moons,0.125,3.0,0.03,4,3,1
moons,0.125,3.0,0.045,4,3,1
moons,0.25,1.0,0.015,3,3,0
moons,0.25,1.0,0.03,3,3,0
moons,0.25,1.0,0.045,3,3,0
moons,0.25,2.0,0.015,3,3,0
moons,0.25,2.0,0.03,3,3,0
moons,0.25,2.0,0.045,3,3,0
moons,0.25,3.0,0.015,2,3,-1
moons,0.25,3.0,0.03,2,3,-1
moons,0.25,3.0,0.045,2,3,-1
moons,0.375,1.0,0.015,2,3,-1
moons,0.375,1.0,0.03,2,3,-1
moons,0.375,1.0,0.045,2,3,-1
moons,0.375,2.0,0.015,2,3,-1
moons,0.375,2.0,0.03,2,3,-1
moons,0.375,2.0,0.045,2,3,-1
moons,0.375,3.0,0.015,2,3,-1
moons,0.375,3.0,0.03,2,3,-1
moons,0.375,3.0,0.045,2,3,-1
onebig,0.125,1.0,0.015,7,7,0
onebig,0.125,1.0,0.03,7,7,0
onebig,0.125,1.0,0.045,7,7,0
onebig,0.125,2.0,0.015,7,7,0
onebig,0.125,2.0,0.03,7,7,0
onebig,0.125,2.0,0.045,7,7,0
onebig,0.125,3.0,0.015,7,7,0
onebig,0.125,3.0,0.03,7,7,0
onebig,0.125,3.0,0.045,7,7,0
onebig,0.25,1.0,0.015,7,7,0
onebig,0.25,1.0,0.03,7,7,0
onebig,0.25,1.0,0.045,7,7,0
onebig,0.25,2.0,0.015,7,7,0
onebig,0.25,2.0,0.03,7,7,0
onebig,0.25,2.0,0.045,7,7,0
onebig,0.25,3.0,0.015,7,7,0
onebig,0.25,3.0,0.03,7,7,0
onebig,0.25,3.0,0.045,7,7,0
onebig,0.375,1.0,0.015,6,7,-1
onebig,0.375,1.0,0.03,6,7,-1
onebig,0.375,1.0,0.045,6,7,-1
onebig,0.375,2.0,0.015,6,7,-1
onebig,0.375,2.0,0.03,6,7,-1
onebig,0.375,2.0,0.045,6,7,-1
onebig,0.375,3.0,0.015,6,7,-1
onebig,0.375,3.0,0.03,6,7,-1
onebig,0.375,3.0,0.045,6,7,-1
pendigits,0.125,1.0,0.015,6,5,1
pendigits,0.125,1.0,0.03,5,5,0
pendigits,0.125,1.0,0.045,5,5,0
pendigits,0.125,2.0,0.015,6,5,1
pendigits,0.125,2.0,0.03,5,5,0
pendigits,0.125,2.0,0.045,5,5,0
pendigits,0.125,3.0,0.015,6,5,1
pendigits,0.125,3.0,0.03,5,5,0
pendigits,0.125,3.0,0.045,5,5,0
pendigits,0.25,1.0,0.015,5,5,0
pendigits,0.25,1.0,0.03,5,5,0
pendigits,0.25,1.0,0.045,5,5,0
pendigits,0.25,2.0,0.015,5,5,0
pendigits,0.25,2.0,0.03,5,5,0
pendigits,0.25,2.0,0.045,5,5,0
pendigits,0.25,3.0,0.015,5,5,0
pendigits,0.25,3.0,0.03,5,5,0
pendigits,0.25,3.0,0.045,5,5,0
pendigits,0.375,1.0,0.015,5,5,0
pendigits,0.375,1.0,0.03,5,5,0
pendigits,0.375,1.0,0.045,5,5,0
pendigits,0.375,2.0,0.015,5,5,0
pendigits,0.375,2.0,0.03,5,5,0
pendigits,0.375,2.0,0.045,5,5,0
pendigits,0.375,3.0,0.015,5,5,0
pendigits,0.375,3.0,0.03,5,5,0
pendigits,0.375,3.0,0.045,5,5,0
wine,0.125,1.0,0.015,2,2,0
wine,0.125,1.0,0.03,2,2,0
wine,0.125,1.0,0.045,2,2,0
wine,0.125,2.0,0.015,2,2,0
wine,0.125,2.0,0.03,2,2,0
wine,0.125,2.0,0.045,2,2,0
wine,0.125,3.0,0.015,,2,
wine,0.125,3.0,0.03,,2,
wine,0.125,3.0,0.045,,2,
wine,0.25,1.0,0.015,2,2,0
wine,0.25,1.0,0.03,2,2,0
wine,0.25,1.0,0.045,2,2,0
wine,0.25,2.0,0.015,2,2,0
wine,0.25,2.0,0.03,2,2,0
wine,0.25,2.0,0.045,2,2,0
wine,0.25,3.0,0.015,,2,
wine,0.25,3.0,0.03,,2,
wine,0.25,3.0,0.045,,2,
wine,0.375,1.0,0.015,2,2,0
wine,0.375,1.0,0.03,2,2,0
wine,0.375,1.0,0.045,2,2,0
wine,0.375,2.0,0.015,2,2,0
wine,0.375,2.0,0.03,2,2,0
wine,0.375,2.0,0.045,2,2,0
wine,0.375,3.0,0.015,,2,
wine,0.375,3.0,0.03,,2,
wine,0.375,3.0,0.045,,2,
