dataset,view,family,q,d2,d2_ceiling,e_original,n,mean_offdiag,std_offdiag,fid_near,fid_far,near_far_ratio,kernel_alive,alignment,knn_acc,cluster_ari,oneclass_auc,krr_r2,qsvm_f1,last_alive,twonn,twonn_ceiling,pca95
intrinsic2,pca,fidelity,2,0.7203213491478936,2,20,32,0.29734489500951294,0.28790012084622324,0.9638655543244695,0.30512439387661794,3.1589265678778355,True,0.5956818932385799,0.3,0.11382536382536383,0.5,0.23589887777357343,0.6666666666666666,False,12.984317397156488,13,19
intrinsic2,pca,rbf,2,0.7203213491478936,2,20,32,0.46695663669042486,0.3015531732297069,0.9966772109404369,0.11409535257530139,8.735475972017733,True,0.8530857269852771,0.9,0.7581903276131046,1.0,0.9968769371579134,1.0,False,12.984317397156488,13,19
intrinsic2,pca,fidelity,3,0.7203213491478936,2,20,32,0.14191536831217622,0.1746661903856164,0.44889976375672036,0.14009877249793673,3.204166287490716,True,0.5704408611713,0.9,0.11336453458138325,0.7083333333333334,0.5543929340222303,0.8571428571428571,True,12.984317397156488,13,19
intrinsic2,pca,rbf,3,0.7203213491478936,2,20,32,0.5705464524028157,0.2579536798555607,0.9949840029495618,0.23440824410938088,4.244663009741572,True,0.8492295556423383,0.9,0.7581903276131046,1.0,0.9982649046952267,1.0,False,12.984317397156488,13,19
intrinsic2,pca,fidelity,4,0.7203213491478936,2,20,32,0.07059560937272574,0.10122530186006952,0.16825261733433955,0.10201598602145619,1.649276979972064,False,0.4512393732125974,0.6,-0.02729044834307992,0.5833333333333334,-0.0752159972999531,0.75,False,12.984317397156488,13,19
intrinsic2,pca,rbf,4,0.7203213491478936,2,20,32,0.6418247319030725,0.2219209628574962,0.9940190072307553,0.3357217212883325,2.9608421028469833,True,0.8365159384850235,0.9,0.6495126705653022,1.0,0.9989057092426239,1.0,False,12.984317397156488,13,19
intrinsic2,pca,fidelity,5,0.7203213491478936,2,20,32,0.03414423782105933,0.05103803226783315,0.05783168724753399,0.06172611595746437,0.9369079254457864,False,0.3626857700901835,0.5,-0.031721268850754034,0.5833333333333334,0.0656408175826777,0.75,False,12.984317397156488,13,19
intrinsic2,pca,rbf,5,0.7203213491478936,2,20,32,0.6930187892376548,0.1933961770637264,0.9929856960286182,0.41706363682601155,2.3808973220143543,True,0.823927839989038,0.9,0.6495126705653022,1.0,0.9992124234825951,1.0,False,12.984317397156488,13,19
intrinsic2,pca,fidelity,6,0.7203213491478936,2,20,32,0.01777952510179479,0.02767848526601073,0.02222061103911242,0.021122735984449862,1.051975987176604,False,0.31566104682754614,0.6,0.0,0.45833333333333337,0.04707047093582439,0.75,False,12.984317397156488,13,19
intrinsic2,pca,rbf,6,0.7203213491478936,2,20,32,0.7316805967157308,0.17115303458607098,0.9927208712157137,0.4817567089673713,2.060626977761402,True,0.8132166304578958,0.9,0.6495126705653022,1.0,0.9993621026332746,1.0,True,12.984317397156488,13,19
intrinsic2,pca,fidelity,7,0.7203213491478936,2,20,32,0.008643202456436246,0.016247482588834503,0.010835878175739834,0.005179513825132806,2.0920647268398778,False,0.28245213920407997,0.7,0.0,0.5833333333333334,0.09063856196723197,0.75,False,12.984317397156488,13,19
intrinsic2,pca,rbf,7,0.7203213491478936,2,20,32,0.7616832724777665,0.15325966750130884,0.9929329066994954,0.5343388188676411,1.8582458762844456,False,0.8043318960067801,0.9,0.6495126705653022,1.0,0.9995347314670375,1.0,False,12.984317397156488,13,19
intrinsic2,pca,fidelity,8,0.7203213491478936,2,20,32,0.004216449584812261,0.010282737776433322,0.01036488355638593,0.003908988390811114,2.6515513785486635,False,0.2597200702498426,0.6,0.0,0.45833333333333337,0.0073713579726505385,0.75,False,12.984317397156488,13,19
intrinsic2,pca,rbf,8,0.7203213491478936,2,20,32,0.7856901615796943,0.13862538515979111,0.9927421093007018,0.5775351938391889,1.7189292010092196,False,0.7969697456222717,0.9,0.6495126705653022,1.0,0.9996216461562367,1.0,False,12.984317397156488,13,19
intrinsic2,random,fidelity,2,0.7203213491478936,2,20,32,0.2526137860036758,0.23124941301587254,0.8077044851097694,0.3273499592733577,2.467403652356302,True,0.5736534125622842,0.4,-0.030504497457958545,0.24999999999999997,-0.9586899446557913,0.5714285714285714,True,12.984317397156488,13,19
intrinsic2,random,rbf,2,0.7203213491478936,2,20,32,0.9957774139659394,0.003863243994084425,0.9998909342471782,0.9842361583009568,1.0159055078541777,False,0.7288066566445113,0.3,-0.015600624024960999,0.625,-0.26210201895418117,0.75,False,12.984317397156488,13,19
intrinsic2,random,fidelity,3,0.7203213491478936,2,20,32,0.12500089949352972,0.1288183093887381,0.13903998390229622,0.11154265027359142,1.2465185609384342,False,0.5155285133407537,0.5,-0.030504497457958545,0.375,-0.8166752157698725,0.5714285714285714,False,12.984317397156488,13,19
intrinsic2,random,rbf,3,0.7203213491478936,2,20,32,0.9945113910344977,0.003855612275716044,0.9995813202135861,0.98439981687454,1.0154220907793818,False,0.7290889052510435,0.6,0.0327613104524181,0.625,-0.13455275761197782,0.75,False,12.984317397156488,13,19
intrinsic2,random,fidelity,4,0.7203213491478936,2,20,32,0.07015305642562038,0.08816847648438209,0.20797966189102363,0.0952775977068998,2.1828810433573955,False,0.4224124055443974,0.9,-0.031185031185031187,0.375,0.13103193447740213,0.75,False,12.984317397156488,13,19
intrinsic2,random,rbf,4,0.7203213491478936,2,20,32,0.9951943033057831,0.003132394055007842,0.9994141324663659,0.9864792496323694,1.013112169200535,False,0.729059787888206,0.6,-0.031721268850754034,0.5833333333333334,0.10250271682455614,0.75,False,12.984317397156488,13,19
intrinsic2,random,fidelity,5,0.7203213491478936,2,20,32,0.029687456152525712,0.03988164977677914,0.03673225718949686,0.02327080318312203,1.5784696772365048,False,0.34592196874990566,0.6,0.0,0.41666666666666663,-0.0057646452013480065,0.75,False,12.984317397156488,13,19
intrinsic2,random,rbf,5,0.7203213491478936,2,20,32,0.9953924123336693,0.002532115354396351,0.9990121730951979,0.9888450145536549,1.0102818524560517,False,0.7290528431968044,0.7,0.0327613104524181,0.375,0.015297152546917214,0.75,False,12.984317397156488,13,19
intrinsic2,random,fidelity,6,0.7203213491478936,2,20,32,0.015523427694894568,0.025076084641388094,0.01908178383365067,0.008082238897727115,2.3609527106426964,False,0.3030950348069124,0.7,0.0,0.5,0.09092267727929848,0.75,False,12.984317397156488,13,19
intrinsic2,random,rbf,6,0.7203213491478936,2,20,32,0.8756748976696405,0.1300002180037625,0.9976546402708028,0.5371799831409543,1.857207400836865,False,0.7201786152880116,0.5,-0.0171875,0.33333333333333337,0.21793407470731696,0.75,False,12.984317397156488,13,19
intrinsic2,random,fidelity,7,0.7203213491478936,2,20,32,0.009515310692092011,0.020753397718515677,0.018053947229502963,0.007964559536844223,2.2667853942186027,False,0.27496008164277863,0.5,0.0,0.375,-0.13623138304478322,0.75,False,12.984317397156488,13,19
intrinsic2,random,rbf,7,0.7203213491478936,2,20,32,0.7654601369545248,0.1537411002062175,0.9958736004691842,0.5369796764069801,1.854583412044082,False,0.8040126107213091,0.9,0.6495126705653022,1.0,0.9994601068142073,1.0,False,12.984317397156488,13,19
intrinsic2,random,fidelity,8,0.7203213491478936,2,20,32,0.0053380432595711656,0.011553854759344126,0.017073268855914463,0.007607346585415777,2.244313265369824,False,0.2643883778058621,0.2,0.0,0.3333333333333333,-0.03358944883390014,0.75,False,12.984317397156488,13,19
intrinsic2,random,rbf,8,0.7203213491478936,2,20,32,0.7891730486036721,0.13903504743665543,0.9962238928717971,0.5802346839834445,1.7169326832248137,False,0.7966168336078785,0.9,0.6495126705653022,1.0,0.999541316990768,1.0,False,12.984317397156488,13,19
intrinsic2,prefix,fidelity,2,0.7203213491478936,2,20,32,0.2849627604060823,0.28405684153252797,0.9452174010822032,0.11328961076646024,8.343372306492537,True,0.6173080044957917,0.8,0.0049382716049382715,1.0,0.7590853980248415,0.8571428571428571,False,12.984317397156488,13,19
intrinsic2,prefix,rbf,2,0.7203213491478936,2,20,32,0.46771217970495893,0.30122987254656275,0.9967282620167071,0.11481656222293708,8.681049516892687,True,0.8532264163735345,0.9,0.7581903276131046,1.0,0.9967663134784548,1.0,False,12.984317397156488,13,19
intrinsic2,prefix,fidelity,3,0.7203213491478936,2,20,32,0.13848991120828338,0.1807155512899312,0.47866150949680736,0.06589753743913337,7.26372377630842,True,0.57200808887152,0.7,0.225,0.7916666666666666,0.2849231480988329,0.8333333333333334,True,12.984317397156488,13,19
intrinsic2,prefix,rbf,3,0.7203213491478936,2,20,32,0.5727494166908487,0.2582296128262619,0.9962633369528913,0.235652925502424,4.227672263473102,True,0.8490928170857761,0.9,0.7581903276131046,1.0,0.9980625591486667,1.0,False,12.984317397156488,13,19
intrinsic2,prefix,fidelity,4,0.7203213491478936,2,20,32,0.06920527126842428,0.1062003206355267,0.20112330548986795,0.028657813520428482,7.018096664858919,False,0.43208501776362784,0.6,0.028720626631853787,0.5833333333333334,-0.06008332819472395,0.75,False,12.984317397156488,13,19
intrinsic2,prefix,rbf,4,0.7203213491478936,2,20,32,0.6449303352934567,0.222365182227956,0.9962895369667244,0.3379125691406171,2.9483648373912184,True,0.836238103792374,0.9,0.6495126705653022,1.0,0.9988551302251304,1.0,False,12.984317397156488,13,19
intrinsic2,prefix,fidelity,5,0.7203213491478936,2,20,32,0.03384272323298182,0.056158898660763644,0.09193282889637072,0.018022087302356382,5.101119939883463,False,0.3509186288585976,0.5,-0.010825082508250825,0.4166666666666667,-0.021459829818790688,0.75,False,12.984317397156488,13,19
intrinsic2,prefix,rbf,5,0.7203213491478936,2,20,32,0.6966860039154038,0.19410604272857301,0.996502141958375,0.4193873003029657,2.3760904091242177,True,0.8236022544182222,0.9,0.6495126705653022,1.0,0.9991791006060319,1.0,False,12.984317397156488,13,19
intrinsic2,prefix,fidelity,6,0.7203213491478936,2,20,32,0.01806514897262323,0.03307808664824863,0.04621060455372581,0.010887533194270394,4.244359464092777,False,0.306674419981557,0.2,0.0,0.45833333333333337,-0.0466797713075815,0.75,False,12.984317397156488,13,19
intrinsic2,prefix,rbf,6,0.7203213491478936,2,20,32,0.7354547676185681,0.1717025013543686,0.9963496931159131,0.48454430778564,2.0562612687975137,True,0.8128318304446799,0.9,0.6495126705653022,1.0,0.9993755800055815,1.0,True,12.984317397156488,13,19
intrinsic2,prefix,fidelity,7,0.7203213491478936,2,20,32,0.009092851576921858,0.017911432618081133,0.019402879582357157,0.007937364203294592,2.4444990913108824,False,0.2754166036674385,0.5,0.0,0.29166666666666663,-0.02584482919099873,0.75,False,12.984317397156488,13,19
intrinsic2,prefix,rbf,7,0.7203213491478936,2,20,32,0.7654496758495569,0.15376064099961864,0.9964645063326435,0.5372213445684044,1.8548490606477823,False,0.8039763331954309,0.9,0.6495126705653022,1.0,0.9994918554528691,1.0,False,12.984317397156488,13,19
intrinsic2,prefix,fidelity,8,0.7203213491478936,2,20,32,0.004444376845155813,0.010011173180578183,0.005793640092838826,0.001377585147283598,4.205649359869377,False,0.2608571164829362,0.4,0.0,0.4166666666666667,-9.034859692125252e-05,0.75,False,12.984317397156488,13,19
intrinsic2,prefix,rbf,8,0.7203213491478936,2,20,32,0.7891429533098249,0.13901401239138317,0.996246347487018,0.5802814277451299,1.7168330741830797,False,0.796653435761889,0.9,0.6495126705653022,1.0,0.9995655067417332,1.0,False,12.984317397156488,13,19
moons,pca,fidelity,2,0.7203213491478936,2,20,32,0.24583587957959718,0.23098669467578134,0.7678498182355108,0.2056344418268768,3.7340525809482927,True,0.6938356583227812,1.0,0.06769951829188908,1.0,-0.2216202095045856,1.0,False,12.639195022327543,13,19
moons,pca,rbf,2,0.7203213491478936,2,20,32,0.4887377170433137,0.29593525181867386,0.986660920314198,0.015720251814584554,62.76368419231159,True,0.7470954046482712,0.8,0.2258945554453675,0.9583333333333334,0.999138281554947,0.8,False,12.639195022327543,13,19
moons,pca,fidelity,3,0.7203213491478936,2,20,32,0.13185361091877898,0.15009353718715474,0.2973413406383548,0.13866062303276522,2.144381974744868,True,0.5818736041237709,0.8,0.37079382633727453,1.0,-2.1329369157971967,0.8888888888888888,True,12.639195022327543,13,19
moons,pca,rbf,3,0.7203213491478936,2,20,32,0.5865471560994571,0.26585000938334913,0.9863968671998091,0.061561884610897635,16.022850395733304,True,0.7604389013153965,0.8,0.1653768615464655,0.9166666666666667,0.9987396004349662,0.8,False,12.639195022327543,13,19
moons,pca,fidelity,4,0.7203213491478936,2,20,32,0.07542519434806565,0.10236560609760705,0.20387767353256336,0.0536974409367828,3.796785656370208,False,0.4882906591142446,0.9,0.003124593151933342,0.875,-0.11669446478405421,1.0,False,12.639195022327543,13,19
moons,pca,rbf,4,0.7203213491478936,2,20,32,0.6529276207538282,0.23821032455407593,0.9871368518516359,0.12272419644610681,8.043538930687786,True,0.763213854745477,0.8,0.1653768615464655,0.875,0.9972358191492493,0.8,False,12.639195022327543,13,19
moons,pca,fidelity,5,0.7203213491478936,2,20,32,0.03477597709291696,0.054340038195654104,0.08077899693470278,0.019301452555954144,4.185125274925691,False,0.39247463249323106,0.8,0.22559240164587635,0.8333333333333333,0.16235616276812814,0.8571428571428571,False,12.639195022327543,13,19
moons,pca,rbf,5,0.7203213491478936,2,20,32,0.700720674625672,0.21471608019023428,0.9886725006276181,0.1861708313660916,5.310566071886226,True,0.762728485652815,0.8,0.1653768615464655,0.8333333333333333,0.9970891755979601,0.8,False,12.639195022327543,13,19
moons,pca,fidelity,6,0.7203213491478936,2,20,32,0.015951150411759384,0.03275792011088783,0.025503462154246415,0.009856129935724153,2.58757365421975,False,0.32239272366172816,1.0,0.0,0.9166666666666667,0.12273226188384856,0.0,False,12.639195022327543,13,19
moons,pca,rbf,6,0.7203213491478936,2,20,32,0.7369277760234982,0.1948635240554659,0.989265518832474,0.24585901496299808,4.023710576491812,True,0.7608824530526724,0.8,0.1653768615464655,0.7916666666666667,0.996942773023871,0.8,False,12.639195022327543,13,19
moons,pca,fidelity,7,0.7203213491478936,2,20,32,0.008744134500497451,0.01773498178881919,0.014264772251221063,0.004333052898676605,3.292083568972304,False,0.2878838473906654,0.9,0.0,1.0,-0.08304701643998635,0.0,False,12.639195022327543,13,19
moons,pca,rbf,7,0.7203213491478936,2,20,32,0.7652457690737242,0.17808300599727162,0.9896558516026669,0.3000862173480681,3.2979050499169418,True,0.7586313648045154,0.8,0.1653768615464655,0.7916666666666667,0.99727688893475,0.8,False,12.639195022327543,13,19
moons,pca,fidelity,8,0.7203213491478936,2,20,32,0.0040625556825890086,0.010000444716174029,0.006609679294876802,0.002558828338904158,2.583088202668358,False,0.26654972827549445,1.0,0.0,1.0,0.0596807471879085,0.0,False,12.639195022327543,13,19
moons,pca,rbf,8,0.7203213491478936,2,20,32,0.7880028402829091,0.1638109727336731,0.9904194600098004,0.34848114990059875,2.8421033972492027,True,0.756392933257654,0.8,0.1653768615464655,0.7916666666666667,0.997565083407416,0.8,True,12.639195022327543,13,19
moons,random,fidelity,2,0.7203213491478936,2,20,32,0.25882154719426836,0.2419462072256907,0.752175922274504,0.14948406994191502,5.0318132398106155,True,0.5612765099255911,0.6,-0.028359568101990373,0.5833333333333334,-3.4490728419560384,0.5,False,12.639195022327543,13,19
moons,random,rbf,2,0.7203213491478936,2,20,32,0.9939107025788867,0.0057093743929530925,0.9998352526997344,0.9772709073661107,1.0230891405479756,False,0.7191714449468525,0.4,0.0035786323117964736,0.125,-0.7876962899163382,0.0,False,12.639195022327543,13,19
moons,random,fidelity,3,0.7203213491478936,2,20,32,0.12424826904719331,0.1432436761751476,0.3434978313612622,0.10692116384129628,3.2126271265726034,True,0.4874420937823972,0.4,-0.03227484838137977,0.5,-1.3932938001308357,0.0,True,12.639195022327543,13,19
moons,random,rbf,3,0.7203213491478936,2,20,32,0.9952443463897973,0.0037677732613602267,0.9996884385345796,0.983956880342266,1.0159880564957697,False,0.7193484720798132,0.4,-0.02809207959422552,0.7083333333333334,-0.05835233811896123,0.0,False,12.639195022327543,13,19
moons,random,fidelity,4,0.7203213491478936,2,20,32,0.06027382759486586,0.09203592511947319,0.19854781604869856,0.04587696760112706,4.327832165694858,False,0.4003845875401086,0.2,-0.028359568101990373,0.5,-0.9186514168953415,0.0,False,12.639195022327543,13,19
moons,random,rbf,4,0.7203213491478936,2,20,32,0.9942654803021069,0.003913716657099186,0.9993205204162002,0.9834106314837635,1.0161782763202711,False,0.7195677255428334,0.3,-0.032946650830581,0.375,-0.16999645554704745,0.0,False,12.639195022327543,13,19
moons,random,fidelity,5,0.7203213491478936,2,20,32,0.032879218902425116,0.05291184560998013,0.09345974749973221,0.036943871174925806,2.5297767810311207,False,0.3559104801706651,0.5,-0.01879595063821463,0.4166666666666667,0.08527537235853111,0.0,False,12.639195022327543,13,19
moons,random,rbf,5,0.7203213491478936,2,20,32,0.9946757276826717,0.003454174183959835,0.9992326206014901,0.9843903248611591,1.0150776530056047,False,0.7194912112548865,0.5,-0.028359568101990373,0.6666666666666666,0.1491862838982254,0.0,False,12.639195022327543,13,19
moons,random,fidelity,6,0.7203213491478936,2,20,32,0.0172846880590092,0.029075299333617056,0.030346074831689197,0.0064272376011879325,4.721480162189803,False,0.3065853318150581,0.4,0.0,0.3333333333333333,-0.12216044878001808,0.0,False,12.639195022327543,13,19
moons,random,rbf,6,0.7203213491478936,2,20,32,0.8037822989253975,0.1965578406015818,0.9974205098397185,0.2536887127120027,3.931670822785202,True,0.7382488257910876,0.7,0.11300417811448359,0.3333333333333333,0.9774798977812602,0.0,False,12.639195022327543,13,19
moons,random,fidelity,7,0.7203213491478936,2,20,32,0.008479063771530763,0.014614503440364817,0.022575873739180873,0.013563190260477823,1.6644958380452255,False,0.27892393797124615,0.6,0.0,0.7916666666666667,-0.07357701186997034,0.0,False,12.639195022327543,13,19
moons,random,rbf,7,0.7203213491478936,2,20,32,0.768558636752767,0.17862597059441282,0.9933614153968156,0.30177496534981507,3.2917290347306283,True,0.7587554139930931,0.8,0.1653768615464655,0.7916666666666667,0.998197592848038,0.8,False,12.639195022327543,13,19
moons,random,fidelity,8,0.7203213491478936,2,20,32,0.004345288383497241,0.010646209818612121,0.01084066963490194,0.004741154710856163,2.2865040894108093,False,0.26227412160244223,0.7,0.0,0.75,0.021677447367652647,0.0,False,12.639195022327543,13,19
moons,random,rbf,8,0.7203213491478936,2,20,32,0.7910637700428742,0.1643196344972084,0.9935631878635531,0.35017618103025655,2.8373237292735953,True,0.7564667385548456,0.8,0.1653768615464655,0.7916666666666667,0.9982445660796119,0.8,True,12.639195022327543,13,19
moons,prefix,fidelity,2,0.7203213491478936,2,20,32,0.27185605955840125,0.24042407376132788,0.7817000854710658,0.3392747901545561,2.304032330592449,True,0.6982119765899919,1.0,0.22579386371396518,1.0,-1.0182127020383076,1.0,False,12.639195022327543,13,19
moons,prefix,rbf,2,0.7203213491478936,2,20,32,0.4901074703518603,0.29594060083094514,0.9868750864211545,0.0159369649597154,61.923652898511364,True,0.7475981326187042,0.8,0.2258945554453675,0.9583333333333334,0.9990462701119892,0.8,False,12.639195022327543,13,19
moons,prefix,fidelity,3,0.7203213491478936,2,20,32,0.129224446686064,0.1480750122378978,0.2672865859527434,0.07259078345481056,3.6821008567724784,True,0.5084575243796676,0.6,-0.01680685941135317,0.25,-0.5128358317832398,0.3333333333333333,True,12.639195022327543,13,19
moons,prefix,rbf,3,0.7203213491478936,2,20,32,0.5892036656450491,0.2663869334895554,0.9896129038026062,0.062361772356111664,15.868902797558492,True,0.7608899077833045,0.8,0.1653768615464655,0.9166666666666667,0.9988392329641681,0.8,False,12.639195022327543,13,19
moons,prefix,fidelity,4,0.7203213491478936,2,20,32,0.06338170433193822,0.0833482315619488,0.10431394602137216,0.07031677511920034,1.4834859227338018,False,0.4211991463295591,0.4,-0.016409972839787273,0.24999999999999997,-0.47148003504020863,0.0,False,12.639195022327543,13,19
moons,prefix,rbf,4,0.7203213491478936,2,20,32,0.656419129077876,0.23899332280472227,0.991447554108494,0.12413191819915229,7.987047719006929,True,0.7636970993325756,0.8,0.1653768615464655,0.8333333333333334,0.9984933598655438,0.8,False,12.639195022327543,13,19
moons,prefix,fidelity,5,0.7203213491478936,2,20,32,0.03043164276079348,0.04323498947288764,0.03704555524302185,0.036746947127492054,1.0081260659421254,False,0.3409713455725273,0.3,-0.01614555387542071,0.29166666666666663,0.01277042931781347,0.0,False,12.639195022327543,13,19
moons,prefix,rbf,5,0.7203213491478936,2,20,32,0.7043401603905011,0.21535164644567245,0.9922721181680412,0.18789687901721244,5.280939861045501,True,0.76297917307527,0.8,0.1653768615464655,0.7916666666666667,0.9979068741627758,0.8,False,12.639195022327543,13,19
moons,prefix,fidelity,6,0.7203213491478936,2,20,32,0.014622158974200784,0.02335581322190206,0.013315324623417557,0.01754132445144731,0.7590831958141523,False,0.29807176471464436,0.3,0.0,0.16666666666666669,-0.1367183936903087,0.0,False,12.639195022327543,13,19
moons,prefix,rbf,6,0.7203213491478936,2,20,32,0.7403060431072184,0.19545946915570844,0.9927776402751448,0.2477732050105156,4.006799848405766,True,0.7610711100573507,0.8,0.1653768615464655,0.7916666666666667,0.9980638407742629,0.8,False,12.639195022327543,13,19
moons,prefix,fidelity,7,0.7203213491478936,2,20,32,0.007685192249362026,0.015394366597664874,0.012090165040809762,0.00465169541851723,2.5990878492778897,False,0.2758158653076584,0.5,0.0,0.33333333333333337,-0.11443761711678158,0.0,False,12.639195022327543,13,19
moons,prefix,rbf,7,0.7203213491478936,2,20,32,0.7683956793589188,0.17856921691139363,0.9926777634197814,0.3019876646161729,3.28714672727271,True,0.7587687844629983,0.8,0.1653768615464655,0.7916666666666667,0.9980955321726831,0.8,False,12.639195022327543,13,19
moons,prefix,fidelity,8,0.7203213491478936,2,20,32,0.004094032402439022,0.009536261575727073,0.005436641188402224,0.0036783493925538766,1.4780110881820192,False,0.26086723975583387,0.6,0.0,0.33333333333333337,-0.04307148151982898,0.0,False,12.639195022327543,13,19
moons,prefix,rbf,8,0.7203213491478936,2,20,32,0.7910574365007886,0.16430470209052414,0.9930221871852101,0.3502860227920979,2.8348895547413533,True,0.7564890544103459,0.8,0.1653768615464655,0.7916666666666667,0.998198134017548,0.8,True,12.639195022327543,13,19
iris,pca,fidelity,2,1.915375598905324,2,4,32,0.27170832660417304,0.24535042834095924,0.8321564456105369,0.2490217342402797,3.3417020733121783,True,0.5514147437924766,0.5,0.025404157043879907,0.8333333333333334,0.626935529390203,0.6984126984126983,False,1.57896732869076,2,2
iris,pca,rbf,2,1.915375598905324,2,4,32,0.3228164879490821,0.3633527763748631,0.9858051752497203,1.8434281276612841e-07,5347673.50273856,True,0.8402038429381626,1.0,0.5763927192498621,1.0,0.9988059240948496,1.0,False,1.57896732869076,2,2
iris,pca,fidelity,3,1.915375598905324,2,4,32,0.1450993248706144,0.15023309002065818,0.3846531127723667,0.1757480590988021,2.1886620810766524,True,0.4721368000300657,0.4,-0.03986892408519935,0.75,-3.2369425604794912,0.3119047619047619,True,1.57896732869076,2,2
iris,pca,rbf,3,1.915375598905324,2,4,32,0.35758828094455486,0.3654112156341891,0.9758115907639897,2.506651243567927e-05,38928.89340980021,True,0.8351065914173211,1.0,0.5763927192498621,1.0,0.9978468230150193,1.0,False,1.57896732869076,2,2
iris,pca,fidelity,4,1.915375598905324,2,4,32,0.06477892785765801,0.0948454896707173,0.16734941162311168,0.052339544705757544,3.1973799650707053,False,0.4365807804798122,0.3,0.05666857469948483,0.5833333333333334,0.05740977820371718,0.49999999999999994,False,1.57896732869076,2,2
iris,pca,rbf,4,1.915375598905324,2,4,32,0.394934471455321,0.36861098521313296,0.9769395292759805,0.00032246841238405834,3029.5665924402238,True,0.8297481049001327,1.0,0.5763927192498621,0.9583333333333334,0.996982374698747,1.0,True,1.57896732869076,2,2
iris,random,fidelity,2,1.915375598905324,2,4,32,0.4353232899934948,0.2765224502358002,0.9086779022299485,0.4964620081346431,1.8303070272066222,False,0.6381939119033505,0.9,0.03320631464344039,1.0,0.6445706760744375,0.8857142857142858,False,1.57896732869076,2,2
iris,random,rbf,2,1.915375598905324,2,4,32,0.3793510730595421,0.3998924765379101,0.9935249293278178,1.2229637828151588e-06,812391.1298835095,True,0.8592560341056652,1.0,0.7367205542725174,1.0,0.9949971520540478,1.0,False,1.57896732869076,2,2
iris,random,fidelity,3,1.915375598905324,2,4,32,0.18742438383659518,0.2084212140611938,0.6631383690446754,0.15361630071276003,4.316848966989818,True,0.6281550362910066,0.9,0.31074095347501435,0.9583333333333334,0.9498091082600586,0.9047619047619048,False,1.57896732869076,2,2
iris,random,rbf,3,1.915375598905324,2,4,32,0.39502802662247727,0.3839758449357906,0.9851253700394734,0.00010579471909117765,9311.66865890969,True,0.8476145914617853,1.0,0.6179775280898876,1.0,0.9959647203421117,1.0,False,1.57896732869076,2,2
iris,random,fidelity,4,1.915375598905324,2,4,32,0.09066132638688783,0.13723540611121865,0.42458547165340726,0.03692490200979463,11.49862148695161,True,0.5511825503296672,0.9,0.04387990762124711,1.0,0.7218437048767338,0.8055555555555555,True,1.57896732869076,2,2
iris,random,rbf,4,1.915375598905324,2,4,32,0.39493447145532096,0.368610985213133,0.9769395292759807,0.00032246841238405785,3029.566592440229,True,0.8297481049001326,1.0,0.5763927192498621,0.9583333333333334,0.9969823746987476,1.0,True,1.57896732869076,2,2
iris,prefix,fidelity,2,1.915375598905324,2,4,32,0.27405277245640003,0.2552702915061069,0.7140772382243925,0.25188512283989867,2.834932171354435,True,0.4972517382998564,0.5,0.06487434248977206,0.6666666666666666,-0.7307317582564397,0.4166666666666667,False,1.57896732869076,2,2
iris,prefix,rbf,2,1.915375598905324,2,4,32,0.5675426054717494,0.28296448153958237,0.98465634829175,0.03190015998833735,30.86681535928782,True,0.6917415718525375,0.6,0.4332552693208431,0.7916666666666667,0.8895485067961253,0.8055555555555555,False,1.57896732869076,2,2
iris,prefix,fidelity,3,1.915375598905324,2,4,32,0.16148417417920655,0.19270832497636087,0.4939140339768208,0.13254363977890252,3.7264257628711883,True,0.5061426752850784,0.8,0.027574563871693866,0.6666666666666667,0.3405133550773779,0.8023809523809523,False,1.57896732869076,2,2
iris,prefix,rbf,3,1.915375598905324,2,4,32,0.37832208990229216,0.36889574893728544,0.9745667056620902,0.00011367493287719942,8573.277159660993,True,0.8236718641287334,1.0,0.5618938961779806,0.9583333333333334,0.995575088073698,1.0,False,1.57896732869076,2,2
iris,prefix,fidelity,4,1.915375598905324,2,4,32,0.09066132638688783,0.13723540611121865,0.42458547165340715,0.03692490200979463,11.498621486951608,True,0.5511825503296672,0.9,0.04387990762124711,1.0,0.7218437048767338,0.8055555555555555,True,1.57896732869076,2,2
iris,prefix,rbf,4,1.915375598905324,2,4,32,0.39493447145532085,0.3686109852131328,0.9769395292759804,0.0003224684123840591,3029.5665924402165,True,0.8297481049001331,1.0,0.5763927192498621,0.9583333333333334,0.996982374698747,1.0,True,1.57896732869076,2,2
iris,fdase,fidelity,3,1.915375598905324,2,4,32,0.16148417417920655,0.19270832497636087,0.4898922785322325,0.13254363977890254,3.696082885225025,True,0.5061426752850783,0.8,0.027574563871693866,0.6666666666666667,0.34051335507738,0.8023809523809523,True,1.57896732869076,2,2
iris,fdase,rbf,3,1.915375598905324,2,4,32,0.37832208990229205,0.36889574893728544,0.9745667056620914,0.0001136749328771992,8573.277159661018,True,0.8236718641287332,1.0,0.5618938961779806,0.9583333333333334,0.9955750880736997,1.0,True,1.57896732869076,2,2
breast_cancer,pca,fidelity,2,2.487611052827032,3,30,32,0.3025874273786449,0.2729183379412301,0.48781386022969625,0.33544824374061244,1.4542149775179671,False,0.5871400805525898,0.8,0.03200624512099922,0.7083333333333334,-1.1341322196165056,0.5714285714285714,False,3.560738810756846,4,10
breast_cancer,pca,rbf,2,2.487611052827032,3,30,32,8.522435440491553e-21,1.8961118544084798e-19,2.1135639892419052e-19,0.0,0.0,False,0.24806946917841693,0.8,0.0,0.5,-0.2455653952818886,0.0,False,3.560738810756846,4,10
breast_cancer,pca,fidelity,3,2.487611052827032,3,30,32,0.1389416726953531,0.17685458210342644,0.2686594544235869,0.12225241062117671,2.197580015465555,True,0.5453189072290966,0.8,0.11336453458138325,0.875,-4.790004388134639,1.0,True,3.560738810756846,4,10
breast_cancer,pca,rbf,3,2.487611052827032,3,30,32,3.4400810032833527e-25,7.653527024052357e-24,8.531400888142715e-24,0.0,0.0,False,0.24806946917841693,0.9,0.0,0.5,-0.2455653952818886,0.0,False,3.560738810756846,4,10
breast_cancer,pca,fidelity,4,2.487611052827032,3,30,32,0.07109624701637521,0.10759813245026084,0.10968598802959481,0.07130032575530304,1.5383658751578255,False,0.433796398428346,0.6,-0.02869412453640445,0.5833333333333334,-0.9030323456109179,0.4444444444444444,False,3.560738810756846,4,10
breast_cancer,pca,rbf,4,2.487611052827032,3,30,32,5.03248142164762e-24,1.1196564331668037e-22,1.2480553925686096e-22,0.0,0.0,False,0.24806946917841693,0.9,0.0,0.5,-0.2455653952818886,0.0,False,3.560738810756846,4,10
breast_cancer,pca,fidelity,5,2.487611052827032,3,30,32,0.034251810911008075,0.06299785005455018,0.03980755090968059,0.038838980080922396,1.0249381118335277,False,0.3673071319622351,0.7,-0.01008533747090768,0.6666666666666667,-0.11758032401724061,0.5714285714285714,False,3.560738810756846,4,10
breast_cancer,pca,rbf,5,2.487611052827032,3,30,32,6.565045023475498e-20,1.460630309124417e-18,1.6281311658219233e-18,0.0,0.0,False,0.24806946917841693,0.9,0.0,0.5,-0.2455653952818886,0.0,False,3.560738810756846,4,10
breast_cancer,pca,fidelity,6,2.487611052827032,3,30,32,0.018878066882138438,0.04562123667065568,0.015480256922934163,0.01569950753149981,0.986034555025007,False,0.3186435068953275,0.4,0.0,0.6666666666666667,-0.4264312964023147,0.2857142857142857,False,3.560738810756846,4,10
breast_cancer,pca,rbf,6,2.487611052827032,3,30,32,3.257964995826137e-17,7.248514521916925e-16,8.079753189648819e-16,0.0,0.0,False,0.24806946917841716,1.0,0.0,0.5833333333333333,-0.2455653952818868,0.0,False,3.560738810756846,4,10
breast_cancer,pca,fidelity,7,2.487611052827032,3,30,32,0.00833157069924706,0.020634489723043485,0.009291980361147813,0.008610441177832887,1.0791526437773609,False,0.2773590392612465,0.5,0.0,0.4166666666666667,-0.3295835023804221,0.0,False,3.560738810756846,4,10
breast_cancer,pca,rbf,7,2.487611052827032,3,30,32,1.2214414712893645e-15,2.7175357174356262e-14,3.029174848797624e-14,0.0,0.0,False,0.2480694691784263,1.0,0.0,0.5833333333333333,-0.24556539528181864,0.0,False,3.560738810756846,4,10
breast_cancer,pca,fidelity,8,2.487611052827032,3,30,32,0.004616671080822378,0.015015060911682684,0.004104795260842148,0.006480618749220851,0.633395578367522,False,0.26651506333849156,0.5,0.0,0.4166666666666667,-0.19628322285195487,0.0,False,3.560738810756846,4,10
breast_cancer,pca,rbf,8,2.487611052827032,3,30,32,3.730699580918967e-14,8.300282576345902e-13,9.25213496067904e-13,0.0,0.0,False,0.2480694691787038,1.0,0.0,0.5833333333333333,-0.24556539527974652,0.0,False,3.560738810756846,4,10
breast_cancer,random,fidelity,2,2.487611052827032,3,30,32,0.26360365016592635,0.22976424949549143,0.45940181085921317,0.26184703814778076,1.7544663254886115,False,0.5781011601247091,0.8,-0.015600624024960999,0.9166666666666667,-2.0753306939381813,0.4,False,3.560738810756846,4,10
breast_cancer,random,rbf,2,2.487611052827032,3,30,32,0.9995101906269469,0.0006764505716719968,0.9999981879776302,0.9971332355700984,1.0028731891640277,False,0.7126909896781034,0.9,0.11244143675169183,0.8333333333333334,-0.6580603195469481,0.0,False,3.560738810756846,4,10
breast_cancer,random,fidelity,3,2.487611052827032,3,30,32,0.139344238879817,0.1633395861461402,0.11598841822954127,0.14885035980692066,0.7792283362968969,False,0.5063788175281142,0.4,-0.01665799062988027,0.5416666666666667,-2.81461830382405,0.3333333333333333,False,3.560738810756846,4,10
breast_cancer,random,rbf,3,2.487611052827032,3,30,32,0.0018849020764717074,0.03219100488703462,0.04674557149649834,0.0,0.0,False,0.2584325050992936,0.9,0.0,0.8333333333333334,0.02421213803192035,0.4,False,3.560738810756846,4,10
breast_cancer,random,fidelity,4,2.487611052827032,3,30,32,0.06649965387947979,0.098056710205141,0.04075224639042685,0.09001818976257595,0.45271124089377257,False,0.4225915972663456,0.8,-0.02815893867464395,0.9166666666666667,-0.7944840471366694,0.75,False,3.560738810756846,4,10
breast_cancer,random,rbf,4,2.487611052827032,3,30,32,0.03636052468431141,0.15389557934306508,0.7188223242186262,0.0,0.0,True,0.39269230161618307,1.0,0.04394757131842714,1.0,0.2712198701034374,1.0,False,3.560738810756846,4,10
breast_cancer,random,fidelity,5,2.487611052827032,3,30,32,0.030171632264955933,0.051526188753889486,0.016176822243723903,0.03666241159354324,0.44123726565147353,False,0.35437911938723776,0.6,-0.020724385047453033,0.9166666666666667,-0.2681383997688336,0.4,False,3.560738810756846,4,10
breast_cancer,random,rbf,5,2.487611052827032,3,30,32,0.041216501653789754,0.16242554667664896,0.7601476590636967,0.0,0.0,True,0.4080983343341896,1.0,0.04394757131842714,1.0,0.32911548741864805,1.0,True,3.560738810756846,4,10
breast_cancer,random,fidelity,6,2.487611052827032,3,30,32,0.016709237742230668,0.038399338405757884,0.01056387515675123,0.010915929671845782,0.9677485541151327,False,0.3069744352555032,0.6,0.0,0.5833333333333334,0.23412723610537178,0.6666666666666666,False,3.560738810756846,4,10
breast_cancer,random,rbf,6,2.487611052827032,3,30,32,0.006006026295832654,0.04447014803642288,0.14715204017194547,0.0,0.0,False,0.27176977761308907,0.8,0.0,0.875,0.005132169534918574,0.0,False,3.560738810756846,4,10
breast_cancer,random,fidelity,7,2.487611052827032,3,30,32,0.011679121133370798,0.043318771445254256,0.03529038396207797,0.011510279059979393,3.0659885636292428,False,0.29331402576897525,0.6,0.0,0.625,0.13546478635269465,0.4,False,3.560738810756846,4,10
breast_cancer,random,rbf,7,2.487611052827032,3,30,32,0.0019075106566220157,0.018167382959051955,0.047281537626781465,0.0,0.0,False,0.25692082878291755,0.9,0.0,0.875,-0.21291976622701858,0.4,False,3.560738810756846,4,10
breast_cancer,random,fidelity,8,2.487611052827032,3,30,32,0.0055808803575368065,0.024730769388289442,0.031179465887894685,0.0035067970166065485,8.891152165421419,False,0.2732430203206358,0.8,0.0,0.7083333333333334,0.05060632370289009,0.4,False,3.560738810756846,4,10
breast_cancer,random,rbf,8,2.487611052827032,3,30,32,0.0096360476683226,0.05017943769229428,0.21136482531439493,0.0,0.0,False,0.2936564865435267,0.7,0.0,1.0,0.1305515762034034,0.5714285714285714,False,3.560738810756846,4,10
breast_cancer,prefix,fidelity,2,2.487611052827032,3,30,32,0.2624277370910978,0.24383416164446356,0.8279139713006399,0.2333720775433251,3.5476136649078733,True,0.5439384596791371,0.4,0.06812414600819833,0.5,-7.904895932126941,0.4444444444444444,True,3.560738810756846,4,10
breast_cancer,prefix,rbf,2,2.487611052827032,3,30,32,0.028392718901915633,0.11156837567021992,0.5225669048700895,3.6700884449106535e-54,0.0,False,0.3310104454605968,0.5,0.0,0.7083333333333333,0.3973098644478982,0.2857142857142857,False,3.560738810756846,4,10
breast_cancer,prefix,fidelity,3,2.487611052827032,3,30,32,0.1796065325609409,0.20031049202987058,0.3708194787180996,0.20473618342006517,1.8112063657906279,False,0.5298622446246037,0.5,0.03200624512099922,0.5833333333333334,-1.9702960646184526,0.4,False,3.560738810756846,4,10
breast_cancer,prefix,rbf,3,2.487611052827032,3,30,32,0.001520334153558636,0.01219790977432297,0.03749441786012588,0.0,0.0,False,0.25656203283149265,0.7,0.0,1.0,-0.13875238985785754,0.0,False,3.560738810756846,4,10
breast_cancer,prefix,fidelity,4,2.487611052827032,3,30,32,0.07084904867459521,0.10876577933247551,0.10716233736977972,0.08997790941366067,1.190984965844406,False,0.44893079740984726,0.5,-0.02869412453640445,0.6666666666666666,-0.24502791131828672,0.5,False,3.560738810756846,4,10
breast_cancer,prefix,rbf,4,2.487611052827032,3,30,32,0.0002938978223572298,0.006517109722215013,0.007288665994459298,0.0,0.0,False,0.2501640527003252,0.8,0.0,0.75,-0.2002473806860663,0.0,False,3.560738810756846,4,10
breast_cancer,prefix,fidelity,5,2.487611052827032,3,30,32,0.031784849138265694,0.055153835773107125,0.034593257076723685,0.04131647515083122,0.8372751293627169,False,0.3622480086936181,0.5,0.03801396431342126,0.6666666666666667,-0.44095383066923355,0.5,False,3.560738810756846,4,10
breast_cancer,prefix,rbf,5,2.487611052827032,3,30,32,0.0004358081146699908,0.00958558327311072,0.010808041243815772,0.0,0.0,False,0.25105849557601706,0.8,0.0,0.75,-0.18144793406767845,0.0,False,3.560738810756846,4,10
breast_cancer,prefix,fidelity,6,2.487611052827032,3,30,32,0.01521940691298603,0.02346541185384356,0.017344563578625675,0.021359850410712148,0.812017090247375,False,0.3060237412200231,0.4,0.0,0.45833333333333337,-0.462287166804521,0.6666666666666666,False,3.560738810756846,4,10
breast_cancer,prefix,rbf,6,2.487611052827032,3,30,32,0.0005723849169762046,0.012398146156613195,0.014195145941009877,0.0,0.0,False,0.25185353712512715,0.8,0.0,0.75,-0.16562496786962266,0.0,False,3.560738810756846,4,10
breast_cancer,prefix,fidelity,7,2.487611052827032,3,30,32,0.007850306525581689,0.015046831000549897,0.006665727253926409,0.007637589445775553,0.8727527580856427,False,0.2790759922929625,0.4,0.0,0.37500000000000006,-0.33069244083214167,0.0,False,3.560738810756846,4,10
breast_cancer,prefix,rbf,7,2.487611052827032,3,30,32,0.0007040641474866099,0.014904790032185863,0.017460790857667927,0.0,0.0,False,0.25256872970675903,0.8,0.0,0.75,-0.15263140181460777,0.0,False,3.560738810756846,4,10
breast_cancer,prefix,fidelity,8,2.487611052827032,3,30,32,0.00405059172777568,0.009593369367599119,0.0033522620903348637,0.0035606801825784976,0.941466775571878,False,0.2646749241268877,0.3,0.0,0.4166666666666667,-0.23044968376549546,0.0,False,3.560738810756846,4,10
breast_cancer,prefix,rbf,8,2.487611052827032,3,30,32,0.0008332574838464409,0.017122115973004986,0.020664785599391732,0.0,0.0,False,0.25323321502891183,0.8,0.0,0.75,-0.14197453348386246,0.0,False,3.560738810756846,4,10
diabetes,pca,fidelity,2,5.822588369603908,6,10,32,0.25729109240986825,0.22866262123004577,0.8248285653822315,0.2520442270586302,3.272554880578006,True,0.5623001497892971,0.5,-0.024959481361426256,0.72,-3.5084549010146695,0.0,False,7.152570544780806,8,8
diabetes,pca,rbf,2,5.822588369603908,6,10,32,0.988419441153368,0.010995683572655722,0.9997960084327305,0.9538161799417546,1.0482061737449073,False,0.7095584951825861,0.6,0.06769951829188908,0.44,0.9982124040621683,0.0,False,7.152570544780806,8,8
diabetes,pca,fidelity,3,5.822588369603908,6,10,32,0.12627171669083795,0.13555191210164663,0.3083256925421771,0.0786668491720102,3.919385303814608,True,0.5012995605716136,0.3,0.03236819430670937,0.52,-0.5768998336584568,0.0,True,7.152570544780806,8,8
diabetes,pca,rbf,3,5.822588369603908,6,10,32,0.9904618935027352,0.007734539749008595,0.9995430982239248,0.9673484530640755,1.0332813321382517,False,0.7092678270941603,0.5,0.06769951829188908,0.44,0.9951151912085328,0.0,False,7.152570544780806,8,8
diabetes,pca,fidelity,4,5.822588369603908,6,10,32,0.06385527322615987,0.09266061517631395,0.10200404289138121,0.05466518326110675,1.8659782480589462,False,0.4220749012187387,0.7,0.0049382716049382715,0.72,-0.1600998868482848,0.3333333333333333,False,7.152570544780806,8,8
diabetes,pca,rbf,4,5.822588369603908,6,10,32,0.9916589320780299,0.005759635622246113,0.9992905971459697,0.9748484839648498,1.0250727303608353,False,0.7091470685692479,0.5,0.06769951829188908,0.52,0.9911221274033093,0.0,False,7.152570544780806,8,8
diabetes,pca,fidelity,5,5.822588369603908,6,10,32,0.036747005867822015,0.06507091848816086,0.08481328587238438,0.03531986329263927,2.4012914537542858,False,0.3610663284415437,0.9,-0.016939223822309005,0.72,-0.015541518599923698,0.5714285714285714,False,7.152570544780806,8,8
diabetes,pca,rbf,5,5.822588369603908,6,10,32,0.9927903948330752,0.004664953798456971,0.9991232960350865,0.9793384206631723,1.0202022865175826,False,0.70901826354154,0.6,0.06769951829188908,0.64,0.9856923662333944,0.0,False,7.152570544780806,8,8
diabetes,pca,fidelity,6,5.822588369603908,6,10,32,0.01765554280762977,0.04314632555440454,0.04693174428277813,0.01800177846315383,2.60706153999386,False,0.29945933101562683,0.6,0.0,0.4,-0.06691507784294926,0.3333333333333333,False,7.152570544780806,8,8
diabetes,pca,rbf,6,5.822588369603908,6,10,32,0.9936733412818363,0.0038800553273010286,0.9991230922002454,0.982588658683132,1.0168274214962676,False,0.7089332840965055,0.6,0.06769951829188908,0.6,0.9804979612138865,0.0,False,7.152570544780806,8,8
diabetes,pca,fidelity,7,5.822588369603908,6,10,32,0.008254174425800597,0.029946751551222228,0.040511876689379916,0.0028257966652729663,14.336444368854314,False,0.2719187324268301,0.6,0.0,0.52,-0.17998197674046135,0.0,False,7.152570544780806,8,8
diabetes,pca,rbf,7,5.822588369603908,6,10,32,0.9943395579278324,0.0033402774708052338,0.9991635829087377,0.9848020219672435,1.0145831960344736,False,0.7088804936715248,0.5,0.06769951829188908,0.52,0.9717503862575744,0.0,False,7.152570544780806,8,8
diabetes,pca,fidelity,8,5.822588369603908,6,10,32,0.004185138280064918,0.008066175833969888,0.0059115579286707605,0.0031390339376262274,1.8832411646817513,False,0.26261663562312954,0.4,0.0,0.24,-0.03395384000437063,0.0,False,7.152570544780806,8,8
diabetes,pca,rbf,8,5.822588369603908,6,10,32,0.9949382506852366,0.0029299712781624757,0.9991909392284093,0.9865773134649778,1.0127852380054543,False,0.708831863105267,0.6,0.06769951829188908,0.48,0.9648247518156196,0.0,False,7.152570544780806,8,8
diabetes,random,fidelity,2,5.822588369603908,6,10,32,0.3097017175435755,0.26595787197139936,0.9607918858026865,0.20064514774137426,4.788512937482641,True,0.569292615088139,0.7,0.03148645350256285,0.52,-0.7792173106139793,0.3333333333333333,False,7.152570544780806,8,8
diabetes,random,rbf,2,5.822588369603908,6,10,32,0.995071702230788,0.006034767280584661,0.9999763132996277,0.9744465418046495,1.0261992530115585,False,0.7089306384155187,0.5,0.11461629586355744,0.48,0.5585210915892505,0.0,False,7.152570544780806,8,8
diabetes,random,fidelity,3,5.822588369603908,6,10,32,0.13229726586744306,0.1493863909164638,0.4162511516136472,0.13539006358465938,3.074458646319827,True,0.46690958343063843,0.3,-0.024959481361426256,0.8,-5.465563146121148,0.0,True,7.152570544780806,8,8
diabetes,random,rbf,3,5.822588369603908,6,10,32,0.9961121735115471,0.0034336943023913196,0.9998517691942345,0.9851006393749108,1.0149742363670415,False,0.7086243463018814,0.4,0.06769951829188908,0.44000000000000006,0.5577274978867179,0.0,False,7.152570544780806,8,8
diabetes,random,fidelity,4,5.822588369603908,6,10,32,0.06245961569478475,0.08844474642510981,0.2028798176879393,0.04065768117005001,4.989950529628047,False,0.41797149723301574,0.2,-0.007756188019027654,0.36,-0.29180755013466175,0.3333333333333333,False,7.152570544780806,8,8
diabetes,random,rbf,4,5.822588369603908,6,10,32,0.9958968859774914,0.0034758445942876266,0.9997661237715743,0.9866949204578589,1.0132474618473255,False,0.7087768400210633,0.5,0.03236819430670937,0.52,0.8095755690927452,0.0,False,7.152570544780806,8,8
diabetes,random,fidelity,5,5.822588369603908,6,10,32,0.029521438294202274,0.042799732499175944,0.04573432427469269,0.029165471723117436,1.5680982193215234,False,0.3495528535477658,0.5,0.0,0.56,0.17873115863960665,0.0,False,7.152570544780806,8,8
diabetes,random,rbf,5,5.822588369603908,6,10,32,0.9956461699892154,0.003263319119897787,0.9996172518606693,0.9867903864724925,1.0129985714940224,False,0.7087741460753937,0.6,0.034126868214789934,0.48000000000000004,0.877060827421075,0.0,False,7.152570544780806,8,8
diabetes,random,fidelity,6,5.822588369603908,6,10,32,0.015832132582921415,0.024080958697123622,0.011013475234928915,0.01566377461958833,0.70311757557824,False,0.30353714621382655,0.2,0.0,0.52,-0.28833750025813165,0.0,False,7.152570544780806,8,8
diabetes,random,rbf,6,5.822588369603908,6,10,32,0.9958710547767463,0.002741568483915747,0.999395983406789,0.9881564823141794,1.0113742117708804,False,0.7088280219294376,0.7,0.22518916280205029,0.48,0.8482942289977733,0.0,False,7.152570544780806,8,8
diabetes,random,fidelity,7,5.822588369603908,6,10,32,0.01207934862804072,0.02568815303872992,0.019236981451905805,0.0025405766581202117,7.571895691641663,False,0.29492529209767193,0.6,0.0,0.56,-0.05478490967811811,0.0,False,7.152570544780806,8,8
diabetes,random,rbf,7,5.822588369603908,6,10,32,0.9961505270890876,0.0021928670159797542,0.9994892350128854,0.990445986492659,1.0091304812615276,False,0.708631268312842,0.7,0.06939571150097466,0.56,0.8153102435776626,0.0,False,7.152570544780806,8,8
diabetes,random,fidelity,8,5.822588369603908,6,10,32,0.0060668241805693955,0.01429309987493516,0.003073686484804973,0.0016237114433571252,1.8930004449866618,False,0.27270691450362655,0.3,0.0,0.32,-0.048917133791593015,0.0,False,7.152570544780806,8,8
diabetes,random,rbf,8,5.822588369603908,6,10,32,0.9959896410335032,0.0022748634244851816,0.9993299019976154,0.9895252450289511,1.0099084455074994,False,0.7087541298595437,0.6,0.22518916280205029,0.6,0.8979259280412036,0.0,False,7.152570544780806,8,8
diabetes,prefix,fidelity,2,5.822588369603908,6,10,32,0.3920181815523208,0.3444728707297677,0.9977337959616339,0.22793318808755392,4.377308124073548,True,0.5661126295645913,0.5,-0.0032265831928726223,0.4,-2.6715749350848323,0.6,False,7.152570544780806,8,8
diabetes,prefix,rbf,2,5.822588369603908,6,10,32,0.9963938550778785,0.002799120788967263,0.999997690823888,0.9902003386368083,1.0098943131049294,False,0.7085288397605959,0.4,-0.032140592739510004,0.52,-0.16789996566228615,0.0,False,7.152570544780806,8,8
diabetes,prefix,fidelity,3,5.822588369603908,6,10,32,0.2049159041596512,0.25426033716845675,0.7844028713639053,0.14978985946280465,5.236688746334566,True,0.49511735014835706,0.5,0.03148645350256285,0.2,-2.4138348638354596,0.5454545454545454,False,7.152570544780806,8,8
diabetes,prefix,rbf,3,5.822588369603908,6,10,32,0.9960979921341047,0.0029988745756467598,0.9999419637981098,0.9871770201013719,1.0129307545017885,False,0.7086605944975666,0.7,-0.024959481361426256,0.5599999999999999,0.3292041052974727,0.0,False,7.152570544780806,8,8
diabetes,prefix,fidelity,4,5.822588369603908,6,10,32,0.09071765799716174,0.1362865104718703,0.34658963260823317,0.07001514935766176,4.950209144562881,True,0.45229800898667344,0.6,0.02489652976758994,0.36000000000000004,-0.7885048053631767,0.6,True,7.152570544780806,8,8
diabetes,prefix,rbf,4,5.822588369603908,6,10,32,0.9957346712886177,0.002958898065376525,0.9997983822021409,0.9874033958159357,1.0125531129817136,False,0.7086859137828602,0.6,-0.01416678837447057,0.52,0.5138403769053821,0.0,False,7.152570544780806,8,8
diabetes,prefix,fidelity,5,5.822588369603908,6,10,32,0.04358858914916668,0.06962912883705913,0.06473570826086272,0.023606451899119377,2.7422887834862486,False,0.38582712628148164,0.5,0.010339925035543492,0.56,-0.5371722967135077,0.4,False,7.152570544780806,8,8
diabetes,prefix,rbf,5,5.822588369603908,6,10,32,0.9959371803949278,0.0025579500885755794,0.99960066175104,0.9890244012681022,1.0106936294689768,False,0.7086648733510125,0.7,0.03148645350256285,0.48,0.6868483581218567,0.0,False,7.152570544780806,8,8
diabetes,prefix,fidelity,6,5.822588369603908,6,10,32,0.024432357008620512,0.044664765720671414,0.03275298293650284,0.008713418938260949,3.758912909912235,False,0.33487279726017316,0.7,0.0,0.36,-0.16940498930276782,0.5,False,7.152570544780806,8,8
diabetes,prefix,rbf,6,5.822588369603908,6,10,32,0.9959745965036715,0.0024642333613040237,0.9995714923817139,0.9895246682846771,1.0101531820469447,False,0.7086402526402981,0.6,0.03236819430670937,0.44000000000000006,0.7572068339049647,0.0,False,7.152570544780806,8,8
diabetes,prefix,fidelity,7,5.822588369603908,6,10,32,0.010580861514297041,0.021216525973625375,0.016867515897714763,0.005438929578549104,3.101256534785722,False,0.29216175896944463,0.7,0.0,0.52,-0.11991884068715408,0.2857142857142857,False,7.152570544780806,8,8
diabetes,prefix,rbf,7,5.822588369603908,6,10,32,0.9958287105332976,0.002394888711158982,0.9994443281628941,0.9892821802340824,1.0102722439884717,False,0.7086616018797862,0.5,0.06812414600819833,0.32,0.8764754131841967,0.0,False,7.152570544780806,8,8
diabetes,prefix,fidelity,8,5.822588369603908,6,10,32,0.005482849287842904,0.012867740097564816,0.004816116081346656,0.0015509331054536838,3.1053022624968922,False,0.27108971687491545,0.5,0.0,0.48,-0.06277017343807878,0.0,False,7.152570544780806,8,8
diabetes,prefix,rbf,8,5.822588369603908,6,10,32,0.9957452333766872,0.0025788382875015854,0.9994489023673436,0.9884166649345483,1.0111615251180794,False,0.7087157239405871,0.5,0.06769951829188908,0.44,0.9129587717328079,0.0,False,7.152570544780806,8,8
wine,pca,fidelity,2,6.475733430966397,7,13,32,0.25160929830253015,0.22864675349518437,0.4612566985685719,0.22476459495210116,2.052176850481584,True,0.5616541178991048,0.6,0.030607304871707517,0.9600000000000001,0.09928766963663016,0.5230769230769231,True,2.429093071579165,3,10
wine,pca,rbf,2,6.475733430966397,7,13,32,3.658104512032057e-07,8.138768744273956e-06,9.072099189839502e-06,0.0,0.0,False,0.28214144553587084,0.6,0.0,0.52,-0.041579957486703956,0.2222222222222222,False,2.429093071579165,3,10
wine,pca,fidelity,3,6.475733430966397,7,13,32,0.12068023316616572,0.1337537271445274,0.1246168368884514,0.12840627012686848,0.9704887211919401,False,0.46559633696446906,0.1,-0.03164727187965072,0.36,-1.0144871642652284,0.2222222222222222,False,2.429093071579165,3,10
wine,pca,rbf,3,6.475733430966397,7,13,32,5.368034975253757e-13,1.189792481922777e-11,1.3312726738629321e-11,0.0,0.0,False,0.2821382463481165,0.6,0.0,0.52,-0.04162177651765786,0.2222222222222222,False,2.429093071579165,3,10
wine,pca,fidelity,4,6.475733430966397,7,13,32,0.06096391158012229,0.09043480328596946,0.044697844939613686,0.06213657710128214,0.7193483617025853,False,0.4171674478373004,0.4,-0.028362174194011634,0.48,-0.2429373190478603,0.2222222222222222,False,2.429093071579165,3,10
wine,pca,rbf,4,6.475733430966397,7,13,32,1.3065295110146356e-10,2.906445891827379e-09,3.240193187316296e-09,0.0,0.0,False,0.28213824748601085,0.6,0.0,0.52,-0.041621761641628785,0.2222222222222222,False,2.429093071579165,3,10
wine,pca,fidelity,5,6.475733430966397,7,13,32,0.032585752328569306,0.060465382206027,0.015674222702295442,0.019949149845837382,0.7857088058098901,False,0.34835881072379915,0.1,-0.041851270012179406,0.19999999999999996,-0.13194089316041624,0.2222222222222222,False,2.429093071579165,3,10
wine,pca,rbf,5,6.475733430966397,7,13,32,3.3052452109108076e-09,7.353021786929638e-08,8.197008123058803e-08,0.0,0.0,False,0.28213827524934854,0.6,0.0,0.52,-0.041621398694186906,0.2222222222222222,False,2.429093071579165,3,10
wine,pca,fidelity,6,6.475733430966397,7,13,32,0.01712067864973677,0.03146040672479987,0.011072934990871895,0.009135204129603853,1.21211686501767,False,0.3298765262590875,0.2,0.0,0.19999999999999996,-0.13288065576435737,0.2222222222222222,False,2.429093071579165,3,10
wine,pca,rbf,6,6.475733430966397,7,13,32,8.900738751805758e-09,1.9781431440477217e-07,2.2073832104478284e-07,0.0,0.0,False,0.2821383241074326,0.7,0.0,0.52,-0.0416207589932982,0.2222222222222222,False,2.429093071579165,3,10
wine,pca,fidelity,7,6.475733430966397,7,13,32,0.00806840991930195,0.013686986806203819,0.005755995090971083,0.005747752864132215,1.001433991167279,False,0.3041328152188548,0.2,0.0,0.08000000000000002,-0.09212599876730909,0.2222222222222222,False,2.429093071579165,3,10
wine,pca,rbf,7,6.475733430966397,7,13,32,3.901378505400159e-08,8.649822164465614e-07,9.675418693392394e-07,0.0,0.0,False,0.28213858637959305,0.7,0.0,0.52,-0.04161731657844214,0.2222222222222222,False,2.429093071579165,3,10
wine,pca,fidelity,8,6.475733430966397,7,13,32,0.0035650448846246408,0.0067138640622946754,0.0016742405192069544,0.0026089331043333405,0.6417337862845557,False,0.2922647152684674,0.1,0.0,0.11999999999999997,-0.07005193909509044,0.2222222222222222,False,2.429093071579165,3,10
wine,pca,rbf,8,6.475733430966397,7,13,32,1.4270595621521806e-07,3.1528878759585415e-06,3.5391077141374086e-06,0.0,0.0,False,0.2821394857489923,0.7,0.0,0.52,-0.041605464451349716,0.2222222222222222,False,2.429093071579165,3,10
wine,random,fidelity,2,6.475733430966397,7,13,32,0.26722051071739406,0.23981291222924225,0.7673175654740976,0.1673663547839338,4.584658406790823,True,0.5480308072279144,0.5,-0.02852121957648713,0.76,-2.057089864288388,0.27777777777777773,True,2.429093071579165,3,10
wine,random,rbf,2,6.475733430966397,7,13,32,0.6859735239249447,0.2596865393219803,0.9946043883950624,0.08043725853972397,12.364971239091604,True,0.6235800547109809,0.5,0.09596508536361052,0.6,-0.7233871412887494,0.2222222222222222,False,2.429093071579165,3,10
wine,random,fidelity,3,6.475733430966397,7,13,32,0.1394766346408463,0.16001372775087877,0.20956398114341654,0.13360917586265722,1.5684849471628852,False,0.5126700391123494,0.7,-0.06200680330841089,0.88,-0.8989160566444057,0.5230769230769231,False,2.429093071579165,3,10
wine,random,rbf,3,6.475733430966397,7,13,32,0.25162502418238425,0.3079981654258295,0.9622489876066582,2.0008916953120747e-07,4809100.811708744,True,0.7712880544373272,0.8,0.5444510587635003,1.0,0.8638228189236075,0.6111111111111112,False,2.429093071579165,3,10
wine,random,fidelity,4,6.475733430966397,7,13,32,0.06379228868745664,0.09451244103311877,0.15162677894523333,0.052763989176487114,2.873679214019736,False,0.43909951163103417,0.6,-0.01008533747090768,0.43999999999999995,0.1807234418660001,0.4444444444444444,False,2.429093071579165,3,10
wine,random,rbf,4,6.475733430966397,7,13,32,0.167907944638861,0.2505777161397725,0.8943123418570391,3.551139153674134e-20,0.0,True,0.5321025605141938,0.6,-0.012317387568032082,0.92,0.05804009689289902,0.6868686868686869,False,2.429093071579165,3,10
wine,random,fidelity,5,6.475733430966397,7,13,32,0.03810883470055933,0.06916370232041169,0.0860249904438648,0.0353592137883388,2.43288753417462,False,0.36626180404024783,0.3,-0.015036159622621876,0.4,-0.18700439305156435,0.3384615384615384,False,2.429093071579165,3,10
wine,random,rbf,5,6.475733430966397,7,13,32,0.020742302636043503,0.09182261230417937,0.4093459090310005,4.641127905120812e-256,0.0,False,0.3282438553334696,0.4,0.0,0.6,4.882579879006421e-05,0.3,False,2.429093071579165,3,10
wine,random,fidelity,6,6.475733430966397,7,13,32,0.018095111533598524,0.04133770004214895,0.05832097511318705,0.01196038895604112,4.876177131658371,False,0.36304349945029074,0.6,0.0,0.48000000000000004,0.16372917528668718,0.4047619047619048,False,2.429093071579165,3,10
wine,random,rbf,6,6.475733430966397,7,13,32,0.11141094221138786,0.19066172854006416,0.7299012627611501,2.3396968063356493e-14,0.0,True,0.6289329356745138,0.9,0.2250126137269901,1.0,0.12483571876642119,0.6111111111111112,True,2.429093071579165,3,10
wine,random,fidelity,7,6.475733430966397,7,13,32,0.008779173811284633,0.01555613491067352,0.012725727420650177,0.005883241213995273,2.163047027610859,False,0.31115154042826576,0.4,0.0,0.6,0.0072933517208757515,0.2222222222222222,False,2.429093071579165,3,10
wine,random,rbf,7,6.475733430966397,7,13,32,7.652025748580346e-08,1.5912717349218235e-06,1.8977023856479257e-06,0.0,0.0,False,0.28213887034085605,0.7,0.0,0.52,-0.04161304237147845,0.2222222222222222,False,2.429093071579165,3,10
wine,random,fidelity,8,6.475733430966397,7,13,32,0.0047681194191070975,0.009254295140874487,0.0044526677480274,0.00402732128967776,1.1056152285241871,False,0.299771898292628,0.3,0.0,0.64,-0.01616983525100868,0.2222222222222222,False,2.429093071579165,3,10
wine,random,rbf,8,6.475733430966397,7,13,32,2.7044932206450126e-07,5.650266504514886e-06,6.707143187199632e-06,0.0,0.0,False,0.28214046274542864,0.7,0.0,0.6,-0.04159090522050701,0.2222222222222222,False,2.429093071579165,3,10
wine,prefix,fidelity,2,6.475733430966397,7,13,32,0.23641511438591623,0.2241763990618853,0.8120339583748326,0.1927438927822586,4.213020431688498,True,0.570640045790601,0.6,0.12203799900377144,0.76,0.2337377600764221,0.5230769230769231,False,2.429093071579165,3,10
wine,prefix,rbf,2,6.475733430966397,7,13,32,0.34702521306259365,0.320266560720634,0.9761970601447795,0.00012107725305027933,8062.59669385956,True,0.7658630188639863,1.0,0.6441589942435475,0.88,0.16457004193330949,0.8585858585858586,False,2.429093071579165,3,10
wine,prefix,fidelity,3,6.475733430966397,7,13,32,0.14088726124721698,0.1725324856006029,0.5467612792404022,0.13627777163302748,4.012109037948874,True,0.5011320807596469,0.3,0.21716903123981404,0.48,-2.16678894874123,0.3384615384615384,True,2.429093071579165,3,10
wine,prefix,rbf,3,6.475733430966397,7,13,32,0.40978035291470394,0.3094680543046824,0.9762710572734985,0.002142788571265787,455.6077395432421,True,0.7652232149352717,1.0,0.5584846876765325,0.8,0.5082600620781113,0.8585858585858586,False,2.429093071579165,3,10
wine,prefix,fidelity,4,6.475733430966397,7,13,32,0.06372104295402041,0.09743019383098504,0.1290185713183609,0.06361970158130426,2.027965679051145,False,0.4513703270054724,0.4,0.05144808937593397,0.48,-0.07256097832006692,0.4444444444444444,False,2.429093071579165,3,10
wine,prefix,rbf,4,6.475733430966397,7,13,32,0.15022320064369019,0.23388005584170757,0.8457134699313882,1.2425994125385947e-19,0.0,True,0.5517995784029973,0.8,0.049631980552366804,0.92,0.10691630351669468,0.8585858585858586,True,2.429093071579165,3,10
wine,prefix,fidelity,5,6.475733430966397,7,13,32,0.033105293737919775,0.05277393518933424,0.04770678437417802,0.03302021039584453,1.4447752998018975,False,0.3859811255303883,0.2,0.03950081583618727,0.6,0.10635362676206761,0.5230769230769231,False,2.429093071579165,3,10
wine,prefix,rbf,5,6.475733430966397,7,13,32,0.01998973823530528,0.08889738934985682,0.41050833228931183,1.3250948382506406e-255,0.0,False,0.32821084804967066,0.2,0.0,0.52,0.06756630121008333,0.3384615384615384,False,2.429093071579165,3,10
wine,prefix,fidelity,6,6.475733430966397,7,13,32,0.015514333282642323,0.023209060854374512,0.01193755605762517,0.01644465357895062,0.7259232309341807,False,0.3358983882312101,0.4,0.0,0.52,0.1126203859434245,0.2222222222222222,False,2.429093071579165,3,10
wine,prefix,rbf,6,6.475733430966397,7,13,32,0.022615747845862257,0.09357563443074061,0.4345826591047485,1.512081241829853e-213,0.0,False,0.33600866515519806,0.3,0.0,0.52,0.02851256609290931,0.3384615384615384,False,2.429093071579165,3,10
wine,prefix,fidelity,7,6.475733430966397,7,13,32,0.009668102139024314,0.024370405537564113,0.008583389359815704,0.005258585351250853,1.6322620603227413,False,0.3134135281318156,0.5,0.0,0.56,0.07358200158123585,0.2222222222222222,False,2.429093071579165,3,10
wine,prefix,rbf,7,6.475733430966397,7,13,32,0.02200483870846955,0.08880708895981454,0.4061277146207331,1.3295674383596387e-183,0.0,False,0.3476663120518225,0.4,0.0,0.6,0.04738882382468901,0.3722943722943723,False,2.429093071579165,3,10
wine,prefix,fidelity,8,6.475733430966397,7,13,32,0.00472346527961167,0.012289489567392238,0.004200477365349587,0.006923603123627812,0.6066895069439843,False,0.2997499660324799,0.2,0.0,0.56,-0.022705694451631286,0.2222222222222222,False,2.429093071579165,3,10
wine,prefix,rbf,8,6.475733430966397,7,13,32,0.02601163634699303,0.09747973006907716,0.4491983491864594,7.10610532488712e-161,0.0,False,0.3551231712775308,0.4,0.0,0.64,0.0022937871422880063,0.3722943722943723,False,2.429093071579165,3,10
digits,pca,fidelity,2,0.9144513697699859,2,64,32,0.2714321949593239,0.23816500335518503,0.8056347763391297,0.26815165209689756,3.0043998239026726,True,0.510165839497885,0.6,0.1500943677361677,0.6875,-0.29846459199239406,0.10833333333333334,False,9.049285266132793,10,40
digits,pca,rbf,2,0.9144513697699859,2,64,32,0.0026350577370817495,0.03731938334658156,0.06534941463701047,0.0,0.0,False,0.517406571908443,0.8,0.0,0.75,-0.18765374542893287,0.05555555555555555,False,9.049285266132793,10,40
digits,pca,fidelity,3,0.9144513697699859,2,64,32,0.1565350555232502,0.1683058816055189,0.5331935694143415,0.08481479857616127,6.28656293907895,True,0.5522063363645547,0.4,0.10082447601072812,0.8125,-0.11017965470794411,0.047619047619047616,False,9.049285266132793,10,40
digits,pca,rbf,3,0.9144513697699859,2,64,32,0.0013720229268998501,0.028087490787474217,0.03402616858701898,0.0,0.0,False,0.5033294422115522,0.8,0.0,0.75,-0.2361695222547009,0.05555555555555555,False,9.049285266132793,10,40
digits,pca,fidelity,4,0.9144513697699859,2,64,32,0.07750187506969508,0.10147016079939039,0.26220257774760036,0.07618195224219251,3.441793889896962,True,0.5739704454761707,0.4,0.051554584285288564,0.3125,-0.322769644866014,0.2518518518518518,True,9.049285266132793,10,40
digits,pca,rbf,4,0.9144513697699859,2,64,32,0.00014354299236598453,0.0031512275747999766,0.003559866210676322,5.93e-322,0.0,False,0.49077662120025134,0.9,0.0,0.5,-0.3675467453364265,0.05555555555555555,False,9.049285266132793,10,40
digits,pca,fidelity,5,0.9144513697699859,2,64,32,0.04387536885411343,0.07641523600398413,0.16708960434498968,0.06556317255073099,2.548528355849472,False,0.5527557755707895,0.3,0.026919638422568788,0.375,-0.24243137970113082,0.1272727272727273,False,9.049285266132793,10,40
digits,pca,rbf,5,0.9144513697699859,2,64,32,0.00020292173723668417,0.00443209990668544,0.005032459083469765,3.783409822686876e-264,0.0,False,0.4916018700034607,0.8,0.0,0.5,-0.3579325498110075,0.05555555555555555,False,9.049285266132793,10,40
digits,pca,fidelity,6,0.9144513697699859,2,64,32,0.020819993933969844,0.038713797016514596,0.0705510282895921,0.027481423155498348,2.567226154569677,False,0.5435654130663964,0.3,0.0,0.25,-0.497478222231565,0.05555555555555555,False,9.049285266132793,10,40
digits,pca,rbf,6,0.9144513697699859,2,64,32,1.6993796331675258e-05,0.00030884920228280984,0.00042144614902554637,1.1169745167630412e-236,0.0,False,0.48893449155123675,0.9,0.0,0.5,-0.39000061975636413,0.05555555555555555,False,9.049285266132793,10,40
digits,pca,fidelity,7,0.9144513697699859,2,64,32,0.011895065160683966,0.02928351975515835,0.05096262270163614,0.011204063718988879,4.548583797793262,False,0.5255974956375297,0.3,0.0,0.5,-0.396720248963663,0.05555555555555555,False,9.049285266132793,10,40
digits,pca,rbf,7,0.9144513697699859,2,64,32,3.1039677140086846e-05,0.0005594722171049552,0.0007697839930741537,3.8759537477841115e-210,0.0,False,0.48914561738039847,0.9,0.0,0.5,-0.3880532075693639,0.05555555555555555,False,9.049285266132793,10,40
digits,pca,fidelity,8,0.9144513697699859,2,64,32,0.005737375522175171,0.017760246419970878,0.023430166688109506,0.005122292198841891,4.574156603835852,False,0.5033222248375298,0.1,0.0,0.125,-0.38328376766406613,0.05555555555555555,False,9.049285266132793,10,40
digits,pca,rbf,8,0.9144513697699859,2,64,32,4.079417609523776e-05,0.0009075933012316839,0.0010116955671618962,2.410274298290226e-185,0.0,False,0.4892895091461792,1.0,0.0,0.5,-0.3850837670173479,0.05555555555555555,False,9.049285266132793,10,40
digits,random,fidelity,2,0.9144513697699859,2,64,32,0.3435551340175712,0.34717146041924185,0.9999999999999993,0.8148408626482396,1.2272334953232351,False,0.37239244191744475,0.3,0.04695945945945946,0.375,-3.1541525478353662,0.047619047619047616,False,9.049285266132793,10,40
digits,random,rbf,2,0.9144513697699859,2,64,32,0.1668308124974211,0.3145799361323816,1.0,2.5722093726424153e-56,0.0,True,0.4588592266293265,0.2,0.16999023846046576,0.75,-0.6952187775614229,0.15,False,9.049285266132793,10,40
digits,random,fidelity,3,0.9144513697699859,2,64,32,0.2931216900189529,0.31570270583047955,0.9999999999999993,0.8148408626482391,1.227233495323236,False,0.3765363088416744,0.1,0.03434040157628073,0.34375,-2.785471136120433,0.125,False,9.049285266132793,10,40
digits,random,rbf,3,0.9144513697699859,2,64,32,0.1512078252544558,0.3053598873660331,1.0,8.713732246814982e-38,0.0,True,0.34095102413328393,0.1,-0.029095295536791316,0.34375,-2.5597023166695148,0.24206349206349206,False,9.049285266132793,10,40
digits,random,fidelity,4,0.9144513697699859,2,64,32,0.13945626987791895,0.22164398745238945,0.7618566153549742,0.34514362115080743,2.2073611350971127,True,0.3888740426703836,0.0,-0.04698519916559055,0.25,-1.5523178337951147,0.09523809523809523,True,9.049285266132793,10,40
digits,random,rbf,4,0.9144513697699859,2,64,32,0.07266522214827092,0.2065688798549657,0.8672804698428429,6.955403185076406e-29,0.0,True,0.42581766119599546,0.1,0.06975837879968823,0.4375,-0.8832629858055658,0.07142857142857142,True,9.049285266132793,10,40
digits,random,fidelity,5,0.9144513697699859,2,64,32,0.034518589752004766,0.0662784546499774,0.03810356345613532,0.06667996507418558,0.5714394633191956,False,0.500031267837729,0.0,-0.0658704306912776,0.625,-0.6182774067801335,0.05555555555555555,False,9.049285266132793,10,40
digits,random,rbf,5,0.9144513697699859,2,64,32,0.009778362249023325,0.04654724547750728,0.1994003077400753,6.591318300096159e-30,0.0,False,0.4877805699599619,0.0,0.0,0.5625,-0.614526453006677,0.06060606060606061,False,9.049285266132793,10,40
digits,random,fidelity,6,0.9144513697699859,2,64,32,0.017285861706908934,0.03739813774518579,0.04016053135262917,0.01674338461581495,2.398590982297305,False,0.4919941624327075,0.0,0.0,0.3125,-0.5529203387440151,0.05555555555555555,False,9.049285266132793,10,40
digits,random,rbf,6,0.9144513697699859,2,64,32,0.0042758832093291,0.030910139762015888,0.10202584011134372,9.32318293487875e-33,0.0,False,0.48839697873740506,0.1,0.0,0.8125,-0.36997524568211393,0.05555555555555555,False,9.049285266132793,10,40
digits,random,fidelity,7,0.9144513697699859,2,64,32,0.01077437959458584,0.025552822108021584,0.00547876508229499,0.01942472193086965,0.282051146049518,False,0.49132246514018135,0.0,0.0,0.4375,-0.4719132743754304,0.03333333333333333,False,9.049285266132793,10,40
digits,random,rbf,7,0.9144513697699859,2,64,32,0.0017189529788985511,0.02274455502107216,0.04241843335054652,3.900339469598949e-37,0.0,False,0.4908405412863909,0.5,0.0,1.0,-0.34899951837256915,0.05555555555555555,False,9.049285266132793,10,40
digits,random,fidelity,8,0.9144513697699859,2,64,32,0.00822151445011847,0.028119012106215882,0.01588558974972395,0.019896119820768464,0.7984265219966086,False,0.49775193416112185,0.1,0.0,0.75,-0.44961558143400926,0.05555555555555555,False,9.049285266132793,10,40
digits,random,rbf,8,0.9144513697699859,2,64,32,0.003854228969405561,0.03462341548475935,0.09369891706056449,7.104743720491849e-33,0.0,False,0.4910074580324254,0.4,0.0,1.0,-0.2754219539591216,0.05194805194805195,False,9.049285266132793,10,40
digits,prefix,fidelity,2,0.9144513697699859,2,64,32,0.8193242009527387,0.3596065599587915,0.9999999999999993,0.8148408626482396,1.2272334953232351,False,0.3170222874292363,0.1,-0.07566778321738384,0.5,-0.6299726758673319,0.05555555555555555,False,9.049285266132793,10,40
digits,prefix,rbf,2,0.9144513697699859,2,64,32,0.7999971452015308,0.38004366850416404,1.0,3.7266531720786697e-06,268337.28652087454,True,0.32832959797036343,0.1,0.005067567567567568,0.5,-0.6306856112537844,0.030303030303030304,False,9.049285266132793,10,40
digits,prefix,fidelity,3,0.9144513697699859,2,64,32,0.24073388742011367,0.29875743469710353,0.9999999999999993,0.3618862523310112,2.763299223329756,True,0.3650081594748665,0.2,0.032418952618453865,0.96875,0.13932370122641846,0.13095238095238096,False,9.049285266132793,10,40
digits,prefix,rbf,3,0.9144513697699859,2,64,32,0.1669427165037332,0.3207146654869398,1.0,2.0323735524074118e-33,0.0,True,0.35444305381252533,0.2,-0.023093134837002826,0.96875,0.17636454192146822,0.1619047619047619,False,9.049285266132793,10,40
digits,prefix,fidelity,4,0.9144513697699859,2,64,32,0.14644175106406074,0.19040400712184957,0.7520761416844329,0.15304271799708968,4.9141582920576115,True,0.444585766062305,0.1,0.08727655099894847,0.25,-2.854161779456389,0.0625,False,9.049285266132793,10,40
digits,prefix,rbf,4,0.9144513697699859,2,64,32,0.0713304190401578,0.1911268110925779,0.8341005873035539,2.3656210442815523e-40,0.0,True,0.454244850782032,0.3,0.08507422882033959,0.8125,-0.9610742855960173,0.10416666666666666,True,9.049285266132793,10,40
digits,prefix,fidelity,5,0.9144513697699859,2,64,32,0.08070669295651571,0.11544667139494996,0.26523575799647625,0.03271122801301621,8.108401124254204,True,0.5049308697963321,0.1,0.09056694813027744,0.25,-0.7098172029057976,0.047619047619047616,True,9.049285266132793,10,40
digits,prefix,rbf,5,0.9144513697699859,2,64,32,0.0216669736102155,0.09869651723707262,0.42596577224370985,7.657989235503806e-37,0.0,False,0.5052191010522006,0.5,0.0,0.8125,-0.23705169941964854,0.09523809523809523,False,9.049285266132793,10,40
digits,prefix,fidelity,6,0.9144513697699859,2,64,32,0.04300333342006953,0.07600113165609033,0.10585820020265573,0.022541254881838328,4.696198182291375,False,0.5177043688538878,0.2,0.04270205066344994,0.125,-0.631493338166834,0.05555555555555555,False,9.049285266132793,10,40
digits,prefix,rbf,6,0.9144513697699859,2,64,32,0.006840802935557933,0.0530432626831269,0.16251674515047132,7.19678473055537e-41,0.0,False,0.5105769071304879,0.5,0.0,0.875,-0.2851899407482492,0.17142857142857143,False,9.049285266132793,10,40
digits,prefix,fidelity,7,0.9144513697699859,2,64,32,0.022642932822388634,0.0476593136249276,0.06831001153294286,0.012462622418443245,5.4811908151732105,False,0.5195892894987842,0.2,0.0,0.25,-0.3834893943534612,0.08333333333333333,False,9.049285266132793,10,40
digits,prefix,rbf,7,0.9144513697699859,2,64,32,0.00658654628430764,0.04561817354233266,0.15158511580902967,1.135292228152808e-39,0.0,False,0.5183417277519989,0.5,0.0,0.875,-0.2173784532284695,0.2272727272727273,False,9.049285266132793,10,40
digits,prefix,fidelity,8,0.9144513697699859,2,64,32,0.015287410472890447,0.03180537682731546,0.03341827902573561,0.008831214601164481,3.7841090421841956,False,0.5111404269087436,0.2,0.0,0.3125,-0.3520507967702189,0.14444444444444446,False,9.049285266132793,10,40
digits,prefix,rbf,8,0.9144513697699859,2,64,32,0.007609185528735811,0.044820939577218236,0.1670276568457176,9.636552056117676e-36,0.0,False,0.5181973857538388,0.5,0.0,0.875,-0.1919984859244428,0.2272727272727273,False,9.049285266132793,10,40
pendigits,pca,fidelity,2,5.351224674332798,6,16,32,0.285075744873232,0.2479984446803635,0.8678666148301207,0.2264777887879134,3.832016461635627,True,0.6123105873042654,0.6,0.31324509527832534,nan,0.13044080300593586,0.2571428571428572,False,6.012185815444287,7,10
pendigits,pca,rbf,2,5.351224674332798,6,16,32,2.2192187709042205e-08,3.004165613491587e-07,5.503662551842468e-07,0.0,0.0,False,0.4961392796755724,0.5,0.0,nan,-0.04689595925639711,0.19999999999999998,False,6.012185815444287,7,10
pendigits,pca,fidelity,3,5.351224674332798,6,16,32,0.15681344689696508,0.19149697091118625,0.5753235729114144,0.19037251948646622,3.022093600816765,True,0.5908386939500266,0.6,0.13411134493973598,nan,-0.46704940244735904,0.2074829931972789,False,6.012185815444287,7,10
pendigits,pca,rbf,3,5.351224674332798,6,16,32,4.990563931673295e-15,1.1102366604129894e-13,1.2376598550549772e-13,0.0,0.0,False,0.49613893835691064,0.7,0.0,nan,-0.04689808616042668,0.19999999999999998,False,6.012185815444287,7,10
pendigits,pca,fidelity,4,5.351224674332798,6,16,32,0.07815109700602861,0.1283327108051687,0.4914955701476177,0.07272060550124976,6.758683687516476,True,0.6788019058661346,0.5,0.26739205356703266,nan,0.3731375341552795,0.4047619047619047,False,6.012185815444287,7,10
pendigits,pca,rbf,4,5.351224674332798,6,16,32,1.1251967433763533e-15,2.177245041432788e-14,2.7904879235733567e-14,0.0,0.0,False,0.49613893835685113,0.6,0.0,nan,-0.04689808616194591,0.030303030303030304,False,6.012185815444287,7,10
pendigits,pca,fidelity,5,5.351224674332798,6,16,32,0.04554222160656306,0.10039565789194237,0.4068318861439856,0.01980148023680023,20.545528984641532,True,0.6927452082578373,0.6,0.4204455051710422,nan,0.28585986161096966,0.4047619047619047,True,6.012185815444287,7,10
pendigits,pca,rbf,5,5.351224674332798,6,16,32,2.2768419271398007e-20,5.041927376158167e-19,5.646567979306705e-19,0.0,0.0,False,0.49613893835683387,0.7,0.0,nan,-0.046898086161946795,0.19999999999999998,False,6.012185815444287,7,10
pendigits,pca,fidelity,6,5.351224674332798,6,16,32,0.02315485202069737,0.06968038546736743,0.24909606274127785,0.013580522699254052,18.342155766578863,False,0.6140291185594331,0.2,0.0,nan,0.12028611969267555,0.14285714285714285,False,6.012185815444287,7,10
pendigits,pca,rbf,6,5.351224674332798,6,16,32,1.2809190781553609e-19,2.7697624670347954e-18,3.1766793138252944e-18,0.0,0.0,False,0.49613893835683387,0.6,0.0,nan,-0.046898086161946795,0.0,False,6.012185815444287,7,10
pendigits,pca,fidelity,7,5.351224674332798,6,16,32,0.01420245331920874,0.06012700036642077,0.18540369036858503,0.00736788938513033,25.16374509405117,False,0.5839460643963514,0.2,0.0,nan,0.1454857259202197,0.14285714285714285,False,6.012185815444287,7,10
pendigits,pca,rbf,7,5.351224674332798,6,16,32,1.4044343605357496e-17,3.0524136404943716e-16,3.4829972141290945e-16,0.0,0.0,False,0.4961389383568341,0.6,0.0,nan,-0.04689808616194657,0.0,False,6.012185815444287,7,10
pendigits,pca,fidelity,8,5.351224674332798,6,16,32,0.009348574305619686,0.047571398105148544,0.14241048324095912,0.0038698767511477876,36.79974645154289,False,0.5666412379353397,0.2,0.0,nan,0.18321803894050692,0.14285714285714285,False,6.012185815444287,7,10
pendigits,pca,rbf,8,5.351224674332798,6,16,32,4.838167286935875e-17,7.561293244008214e-16,1.199865487160097e-15,0.0,0.0,False,0.49613893835683454,0.6,0.0,nan,-0.04689808616193991,0.14285714285714285,False,6.012185815444287,7,10
pendigits,random,fidelity,2,5.351224674332798,6,16,32,0.30179716291472974,0.27181527624230956,0.965015101299014,0.473995123533569,2.0359177835100035,True,0.45170618203623825,0.1,0.09645019939934026,nan,-0.5165825706989005,0.08333333333333333,False,6.012185815444287,7,10
pendigits,random,rbf,2,5.351224674332798,6,16,32,0.004997350787514282,0.06552987202230001,0.12393429942500614,0.0,0.0,False,0.5085270567819555,0.3,0.0,nan,-0.018947073262644443,0.0,False,6.012185815444287,7,10
pendigits,random,fidelity,3,5.351224674332798,6,16,32,0.18082247633908888,0.22011547501413456,0.6227141174704867,0.11741951625076466,5.303327226630704,True,0.5483871479186633,0.2,0.14661706579865147,nan,0.20997091629109077,0.09523809523809523,False,6.012185815444287,7,10
pendigits,random,rbf,3,5.351224674332798,6,16,32,0.0015123428305288274,0.02457303714493226,0.037506102197114935,0.0,0.0,False,0.49191391883012026,0.2,0.0,nan,-0.04273081587044181,0.19999999999999998,False,6.012185815444287,7,10
pendigits,random,fidelity,4,5.351224674332798,6,16,32,0.09188586502561998,0.14434103744107066,0.4786704172700468,0.13097102084729467,3.6547811429839228,True,0.6434421031195162,0.2,0.29181231844813155,nan,-0.6210174570775506,0.1111111111111111,False,6.012185815444287,7,10
pendigits,random,rbf,4,5.351224674332798,6,16,32,9.921375353735972e-08,1.6891207223418666e-06,2.460501087726521e-06,0.0,0.0,False,0.49614006093363416,0.4,0.0,nan,-0.04689808612370627,0.0,False,6.012185815444287,7,10
pendigits,random,fidelity,5,5.351224674332798,6,16,32,0.04603290283841291,0.09095830917465826,0.26891165496104,0.03788521510383701,7.098063300524977,True,0.6204693754850391,0.1,0.11381524940846975,nan,0.027678005845071962,0.14285714285714285,True,6.012185815444287,7,10
pendigits,random,rbf,5,5.351224674332798,6,16,32,1.1122291445256032e-05,0.00024745122179343663,0.0002758328278423496,0.0,0.0,False,0.4963095306171654,0.6,0.0,nan,-0.046898086161920816,0.0,False,6.012185815444287,7,10
pendigits,random,fidelity,6,5.351224674332798,6,16,32,0.027221565523775075,0.06580969740928366,0.16978504030170433,0.01739221706632841,9.762127488071126,False,0.581367804819922,0.2,0.0,nan,0.012989484795097095,0.13095238095238096,False,6.012185815444287,7,10
pendigits,random,rbf,6,5.351224674332798,6,16,32,0.00021194450411332616,0.00436367722739326,0.005256223702010489,0.0,0.0,False,0.4992510321882303,0.6,0.0,nan,-0.0468977229236649,0.0,False,6.012185815444287,7,10
pendigits,random,fidelity,7,5.351224674332798,6,16,32,0.01331538616114541,0.040129901312538664,0.08692672625116929,0.0026498724628617057,32.804116979008704,False,0.5481103934548881,0.3,0.0,nan,0.1677222498079386,0.11904761904761904,False,6.012185815444287,7,10
pendigits,random,rbf,7,5.351224674332798,6,16,32,1.5938405747378666e-06,3.5458260055491916e-05,3.952724625349909e-05,0.0,0.0,False,0.49616344242557103,0.5,0.0,nan,-0.04689806073804048,0.14285714285714285,False,6.012185815444287,7,10
pendigits,random,fidelity,8,5.351224674332798,6,16,32,0.009285614728304161,0.04036443892423376,0.0893450599135892,0.006651214685426487,13.432893710280265,False,0.5435421963261465,0.3,0.0,nan,0.11172744817707059,0.04081632653061224,False,6.012185815444287,7,10
pendigits,random,rbf,8,5.351224674332798,6,16,32,0.0001289035601745465,0.002867549919914771,0.003196808292328754,0.0,0.0,False,0.4980579109810126,0.6,0.0,nan,-0.04689787304167048,0.0,False,6.012185815444287,7,10
pendigits,prefix,fidelity,2,5.351224674332798,6,16,32,0.2896703436202842,0.24589694264970444,0.7518611529422154,0.34071097313753823,2.2067418199610027,True,0.46274447870185614,0.4,0.13776618861364623,nan,-3.030402164491984,0.15238095238095237,False,6.012185815444287,7,10
pendigits,prefix,rbf,2,5.351224674332798,6,16,32,0.006618535153547969,0.07796592180313455,0.1641396718079866,0.0,0.0,False,0.48713357651202654,0.2,0.0,nan,0.027354214183307524,0.17857142857142858,False,6.012185815444287,7,10
pendigits,prefix,fidelity,3,5.351224674332798,6,16,32,0.15314523439627245,0.1708087546138493,0.43377380569238355,0.13109726198069066,3.30879378515376,True,0.5291167676670223,0.3,0.0689419795221843,nan,-1.6539061815072285,0.04081632653061224,False,6.012185815444287,7,10
pendigits,prefix,rbf,3,5.351224674332798,6,16,32,0.0005411967408958813,0.011825468430319997,0.013421679174217854,0.0,0.0,False,0.4952142004251422,0.2,0.0,nan,-0.0468980847515188,0.0,False,6.012185815444287,7,10
pendigits,prefix,fidelity,4,5.351224674332798,6,16,32,0.09315434038065723,0.11927105349387497,0.2877629614743598,0.03471916363760651,8.288303384205536,True,0.5742237647218427,0.3,0.09984089101034209,nan,-0.6575153665350231,0.2857142857142857,True,6.012185815444287,7,10
pendigits,prefix,rbf,4,5.351224674332798,6,16,32,4.0548781174809835e-06,8.66235974665413e-05,0.0001005609773135284,0.0,0.0,False,0.4961987416082457,0.5,0.0,nan,-0.04689808407502616,0.19999999999999998,False,6.012185815444287,7,10
pendigits,prefix,fidelity,5,5.351224674332798,6,16,32,0.04862498841444974,0.08706856887351734,0.15428204969515674,0.03461513880176699,4.457068642096017,False,0.5589236761855786,0.3,0.13198742010753778,nan,-0.17336251442588013,0.23809523809523808,False,6.012185815444287,7,10
pendigits,prefix,rbf,5,5.351224674332798,6,16,32,6.103958124368487e-06,0.0001358041136808095,0.0001513781614843385,0.0,0.0,False,0.49623267696624035,0.4,0.0,nan,-0.046898086161937025,0.07142857142857142,False,6.012185815444287,7,10
pendigits,prefix,fidelity,6,5.351224674332798,6,16,32,0.0263557231397651,0.06436454114777425,0.1402836474088401,0.009002281051347606,15.583122389612598,False,0.565297323625079,0.4,0.0,nan,0.1178952415802419,0.1142857142857143,False,6.012185815444287,7,10
pendigits,prefix,rbf,6,5.351224674332798,6,16,32,8.239459342235693e-06,0.00018331637995839235,0.00020433859168744522,0.0,0.0,False,0.49626540475691844,0.4,0.0,nan,-0.046898086161522023,0.14285714285714285,False,6.012185815444287,7,10
pendigits,prefix,fidelity,7,5.351224674332798,6,16,32,0.01807006158230787,0.05126414187954993,0.11768032607054964,0.0025247970543338834,46.60981597255436,False,0.5536658823412739,0.5,0.0,nan,0.10101735615342333,0.14285714285714285,False,6.012185815444287,7,10
pendigits,prefix,rbf,7,5.351224674332798,6,16,32,1.8077171527836697e-05,0.0004021912799611605,0.0004483138538903501,0.0,0.0,False,0.4964157236568926,0.4,0.0,nan,-0.046898086138761785,0.0,False,6.012185815444287,7,10
pendigits,prefix,fidelity,8,5.351224674332798,6,16,32,0.010269755819210746,0.042145149793242416,0.1016398067200988,0.009636269325878069,10.54763034145865,False,0.5396559201626077,0.4,0.0,nan,0.1274056933502471,0.07142857142857142,False,6.012185815444287,7,10
pendigits,prefix,rbf,8,5.351224674332798,6,16,32,2.8758720399975782e-05,0.0006398370276289255,0.0007132162659193994,0.0,0.0,False,0.496578098882616,0.5,0.0,nan,-0.046898085696208236,0.0,False,6.012185815444287,7,10
pendigits,fdase,fidelity,7,5.351224674332798,6,16,32,0.013669850352964629,0.03691887848807834,0.08666350096418392,0.0014923406655481925,58.07219689503614,False,0.5438713257799376,0.3,0.0,nan,0.2504373734346008,0.09523809523809523,False,6.012185815444287,7,10
pendigits,fdase,rbf,7,5.351224674332798,6,16,32,3.951791139378004e-09,8.789219667190793e-08,9.800442025657456e-08,0.0,0.0,False,0.49613899913653553,0.6,0.0,nan,-0.04689808575745369,0.14285714285714285,False,6.012185815444287,7,10
onebig_tiny,pca,fidelity,2,2.266151632941068,3,8,32,0.6541493406712036,0.30007194593554437,0.9923540343143834,0.6813535357927578,1.4564451231030526,False,0.8883684722399682,0.8,0.22707034728406056,0.5555555555555556,0.8274921039873235,0.0,False,7.817007233067056,8,8
onebig_tiny,pca,rbf,2,2.266151632941068,3,8,32,0.5479543511122965,0.38608514637110053,0.9936010893098773,3.639061068158759e-32,0.0,True,0.849400726705272,0.9,-0.07184018440261238,0.8888888888888888,0.16344185389379173,0.0,False,7.817007233067056,8,8
onebig_tiny,pca,fidelity,3,2.266151632941068,3,8,32,0.534165475375861,0.32969341306269134,0.9639417497120345,0.6173060291650941,1.5615297829113461,False,0.8876322938553964,1.0,0.5859305431878896,0.8888888888888888,0.5548571174699255,0.0,False,7.817007233067056,8,8
onebig_tiny,pca,rbf,3,2.266151632941068,3,8,32,0.5324298964251396,0.3977107712430195,0.9823143765232718,6.314988804200925e-22,0.0,True,0.8592707444460688,1.0,-0.07184018440261238,1.0,0.16489405860671835,0.0,False,7.817007233067056,8,8
onebig_tiny,pca,fidelity,4,2.266151632941068,3,8,32,0.4582595689496559,0.311900935926082,0.9365435870353277,0.18737591315995109,4.998206926606725,True,0.8686718991590267,1.0,0.5859305431878896,1.0,0.36475346993862934,0.0,False,7.817007233067056,8,8
onebig_tiny,pca,rbf,4,2.266151632941068,3,8,32,0.5396577650803781,0.3998525474022848,0.9736210298137358,6.583655224848038e-17,0.0,True,0.8617138791134439,1.0,-0.07184018440261238,1.0,0.16531767579906886,0.0,False,7.817007233067056,8,8
onebig_tiny,pca,fidelity,5,2.266151632941068,3,8,32,0.3177710157459574,0.2676437900913588,0.8199013644751381,0.12257446108962726,6.689006479707227,True,0.7976771289285993,0.9,-0.019789257260344386,0.8888888888888888,0.27693802082605457,0.0,False,7.817007233067056,8,8
onebig_tiny,pca,rbf,5,2.266151632941068,3,8,32,0.5417723542238851,0.39887782654875426,0.9600315403830348,8.872080675134637e-14,0.0,True,0.8635453216106262,1.0,-0.07184018440261238,1.0,0.16546615095323447,0.0,False,7.817007233067056,8,8
onebig_tiny,pca,fidelity,6,2.266151632941068,3,8,32,0.15627516176302264,0.20668824575711547,0.5421634048913919,0.0263734751129019,20.55714700358792,True,0.6195538721661427,0.9,0.008125952260030472,1.0,0.13987564786136164,0.0,False,7.817007233067056,8,8
onebig_tiny,pca,rbf,6,2.266151632941068,3,8,32,0.5486333513505331,0.4026274057903194,0.9584874474157298,1.1490635940839609e-11,83414656277.56143,True,0.8645344223417544,1.0,-0.07184018440261238,1.0,0.1670827832408729,0.0,False,7.817007233067056,8,8
onebig_tiny,pca,fidelity,7,2.266151632941068,3,8,32,0.06165272164022256,0.1153463064856391,0.2591830864969681,0.02457726276549029,10.545644930846214,True,0.43800881612648845,0.9,-0.050559099951979145,1.0,0.07152698323407136,0.0,True,7.817007233067056,8,8
onebig_tiny,pca,rbf,7,2.266151632941068,3,8,32,0.5513944277149888,0.40368798838215575,0.9533010069377139,3.9860249658874145e-10,2391608218.9552445,True,0.8651639226085076,1.0,-0.07184018440261238,1.0,0.17107402949113848,0.0,False,7.817007233067056,8,8
onebig_tiny,pca,fidelity,8,2.266151632941068,3,8,32,0.033512165883001835,0.06905309705479987,0.1016505134198417,0.013981022527569794,7.2706065110325495,False,0.34912469323282574,0.9,-0.0066857688634192934,1.0,0.06002099902233782,0.0,False,7.817007233067056,8,8
onebig_tiny,pca,rbf,8,2.266151632941068,3,8,32,0.556967787479566,0.406665060728604,0.9538883165175804,5.74908626780688e-09,165919986.60014245,True,0.8658358951440286,1.0,-0.07184018440261238,1.0,0.17838858939923385,0.0,True,7.817007233067056,8,8
onebig_tiny,random,fidelity,2,2.266151632941068,3,8,32,0.44572241498938725,0.3388481360889789,0.976054966718713,0.5440520067107365,1.7940471768862811,False,0.7599182130154969,0.5,-0.0066857688634192934,0.33333333333333337,-0.16806746086366764,0.0,False,7.817007233067056,8,8
onebig_tiny,random,rbf,2,2.266151632941068,3,8,32,0.6868494126656879,0.3630717930210644,0.9966035622680607,6.369775516871131e-08,15645819.222803598,True,0.8235642067470023,0.1,-0.0617737003058104,0.7777777777777778,0.24176777106060943,0.0,False,7.817007233067056,8,8
onebig_tiny,random,fidelity,3,2.266151632941068,3,8,32,0.2931256750487135,0.3010574962213335,0.8813177661765377,0.12741220522554184,6.917059198657236,True,0.6967404444247897,0.7,-0.0066857688634192934,0.11111111111111116,0.36585122631949674,0.0,False,7.817007233067056,8,8
onebig_tiny,random,rbf,3,2.266151632941068,3,8,32,0.6097768618554538,0.3991670168011742,0.9912740732621879,2.9745991328331247e-09,333246272.52145386,True,0.8330440469650515,0.8,0.22707034728406056,0.33333333333333337,0.15114416723218416,0.0,False,7.817007233067056,8,8
onebig_tiny,random,fidelity,4,2.266151632941068,3,8,32,0.20121112990478798,0.24634754836030992,0.6965684547006118,0.02963827180266961,23.5023303429544,True,0.6094022704715338,0.8,-0.050559099951979145,0.33333333333333337,0.13273368076196745,0.0,False,7.817007233067056,8,8
onebig_tiny,random,rbf,4,2.266151632941068,3,8,32,0.5945157247574493,0.3914108505689391,0.9770359067532152,3.2452935507220015e-15,0.0,True,0.8275328719382656,0.9,-0.0617737003058104,0.0,0.14833825903404596,0.0,False,7.817007233067056,8,8
onebig_tiny,random,fidelity,5,2.266151632941068,3,8,32,0.10672141314974763,0.16384385263278484,0.5118631370841451,0.0314651678976537,16.26761181599523,True,0.5260867874245921,0.8,-0.03137843303542306,0.7777777777777778,0.03572184419979152,0.0,False,7.817007233067056,8,8
onebig_tiny,random,rbf,5,2.266151632941068,3,8,32,0.5486950595629946,0.4024416444254359,0.9649877907329664,1.701092067314845e-10,5672754633.769993,True,0.8638518116587542,0.9,-0.07184018440261238,1.0,0.17616327747805416,0.0,False,7.817007233067056,8,8
onebig_tiny,random,fidelity,6,2.266151632941068,3,8,32,0.10060394870637858,0.15934789281785156,0.47722201881581316,0.008668412974689418,55.05298607821712,True,0.5234294878228232,0.7,-0.050559099951979145,0.8888888888888888,0.18039454627403595,0.0,False,7.817007233067056,8,8
onebig_tiny,random,rbf,6,2.266151632941068,3,8,32,0.5510623057343346,0.40447093333716805,0.960496197189763,6.434622691911274e-11,14927001056.288307,True,0.8645266259420258,1.0,-0.0617737003058104,1.0,0.21956815654840656,0.0,False,7.817007233067056,8,8
onebig_tiny,random,fidelity,7,2.266151632941068,3,8,32,0.05320154471423025,0.11129410458260745,0.3156622589676767,0.008011159419670993,39.40281829775902,True,0.40382047503346263,0.7,-0.0066857688634192934,0.8888888888888888,0.11069210774656624,0.0,False,7.817007233067056,8,8
onebig_tiny,random,rbf,7,2.266151632941068,3,8,32,0.5579392091179008,0.40773079069992324,0.9559074502056584,3.206986289192495e-08,29807032.64703859,True,0.8657666027533383,1.0,-0.07184018440261238,1.0,0.18187129036808714,0.0,False,7.817007233067056,8,8
onebig_tiny,random,fidelity,8,2.266151632941068,3,8,32,0.038114477571732315,0.08966970583647275,0.28324833767649743,0.0022111200291488457,128.10174660012999,True,0.3555222899516805,0.8,0.11957192838032517,0.8888888888888888,0.12122573292517025,0.0,True,7.817007233067056,8,8
onebig_tiny,random,rbf,8,2.266151632941068,3,8,32,0.556967787479566,0.4066650607286039,0.95388831651758,5.749086267806846e-09,165919986.60014334,True,0.8658358951440285,1.0,-0.07184018440261238,1.0,0.17838858939923385,0.0,True,7.817007233067056,8,8
onebig_tiny,prefix,fidelity,2,2.266151632941068,3,8,32,0.596191654094939,0.31542977085675666,0.9866353607687927,0.19129130982107342,5.157763631247303,True,0.897600488648218,0.7,0.1932485686668154,1.0,-0.02705949809732089,0.0,False,7.817007233067056,8,8
onebig_tiny,prefix,rbf,2,2.266151632941068,3,8,32,0.6054888457953496,0.3739323391253274,0.9931073350923769,1.6476950467644458e-12,602725205154.0283,True,0.9101264102221296,1.0,1.0,1.0,0.7564645436500907,0.0,False,7.817007233067056,8,8
onebig_tiny,prefix,fidelity,3,2.266151632941068,3,8,32,0.3828049607888381,0.3000312175182886,0.9018352154294744,0.12143847085082002,7.426272820392524,True,0.7962984077782856,0.7,0.02489652976758994,1.0,0.366056803775784,0.0,False,7.817007233067056,8,8
onebig_tiny,prefix,rbf,3,2.266151632941068,3,8,32,0.5714975329486576,0.39014673233923775,0.9806881978269326,3.118567742142477e-09,314467498.83752507,True,0.8845962623416666,1.0,-0.07184018440261238,1.0,0.9876645591026026,0.0,False,7.817007233067056,8,8
onebig_tiny,prefix,fidelity,4,2.266151632941068,3,8,32,0.2505231941547871,0.24415996202155638,0.7465425067221114,0.06936396963087968,10.762684296974884,True,0.7221783250628258,0.5,0.029871977240398292,1.0,0.11258047808846416,0.0,False,7.817007233067056,8,8
onebig_tiny,prefix,rbf,4,2.266151632941068,3,8,32,0.5603979672398878,0.40600322973147834,0.9723064880300234,1.0667546576870526e-07,9114621.445742618,True,0.8679312383029956,1.0,-0.07184018440261238,1.0,0.7986551823617776,0.0,False,7.817007233067056,8,8
onebig_tiny,prefix,fidelity,5,2.266151632941068,3,8,32,0.15308926144079316,0.1975530295088127,0.5690393881994361,0.03351968815651483,16.976273333522602,True,0.6148121782623402,0.7,-0.03137843303542306,1.0,0.38834195493220935,0.0,False,7.817007233067056,8,8
onebig_tiny,prefix,rbf,5,2.266151632941068,3,8,32,0.5513892408912282,0.40551014314757927,0.9624490996057702,3.561137522707131e-10,2702645133.6654043,True,0.8640050640251516,1.0,-0.07184018440261238,1.0,0.2749455957537891,0.0,False,7.817007233067056,8,8
onebig_tiny,prefix,fidelity,6,2.266151632941068,3,8,32,0.08198683184910452,0.13977014307638963,0.4153087355371109,0.01017708449423628,40.80822319715613,True,0.4837802735133638,0.7,-0.0038550501156515036,1.0,0.18663176302003026,0.0,False,7.817007233067056,8,8
onebig_tiny,prefix,rbf,6,2.266151632941068,3,8,32,0.5521188439171544,0.4044827985482036,0.9551846655055938,2.9298114691078406e-09,326022570.2497021,True,0.8650734564034409,1.0,-0.07184018440261238,1.0,0.18074632668143542,0.0,False,7.817007233067056,8,8
onebig_tiny,prefix,fidelity,7,2.266151632941068,3,8,32,0.05294131790522972,0.10679840102396596,0.33442432071469286,0.00836581940543395,39.975082476376464,True,0.40700282933249765,0.8,-0.019789257260344386,0.8888888888888888,0.1253943004350072,0.0,False,7.817007233067056,8,8
onebig_tiny,prefix,rbf,7,2.266151632941068,3,8,32,0.5519068068322522,0.40365632031431364,0.9540551668667169,4.961934151320158e-10,1922748544.7643108,True,0.8654549123355169,1.0,-0.0617737003058104,1.0,0.173388603484396,0.0,False,7.817007233067056,8,8
onebig_tiny,prefix,fidelity,8,2.266151632941068,3,8,32,0.038114477571732315,0.08966970583647275,0.28324833767649743,0.0022111200291488457,128.10174660012999,True,0.3555222899516805,0.8,0.11957192838032517,0.8888888888888888,0.12122573292517025,0.0,True,7.817007233067056,8,8
onebig_tiny,prefix,rbf,8,2.266151632941068,3,8,32,0.5569677874795659,0.4066650607286039,0.95388831651758,5.749086267806829e-09,165919986.60014385,True,0.8658358951440286,1.0,-0.07184018440261238,1.0,0.17838858939923374,0.0,True,7.817007233067056,8,8
onebig_tiny,fdase,fidelity,3,2.266151632941068,3,8,32,0.2749593423931387,0.26379756242482605,0.8641377224846429,0.1326939611365912,6.51226110881659,True,0.6753734256006597,0.6,0.02489652976758994,0.5555555555555556,0.6992757645189247,0.0,True,7.817007233067056,8,8
onebig_tiny,fdase,rbf,3,2.266151632941068,3,8,32,0.6809746606238605,0.344276462059525,0.9862151043939991,1.3189694542410843e-08,74771640.93701114,True,0.8303240983461474,0.3,-0.0617737003058104,0.33333333333333337,0.07786629895901487,0.0,True,7.817007233067056,8,8
